id,domain,status,purchase_price,renewal_price,attractiveness,demand,length,registrar,created_at,expires_at,status_verified_at
838f9b63-8e0f-41c6-b78c-95517915295f,homozygous.plus,available,4.98,72.98,medium,low,10,namecheap,,,21/08/2026 13:12
aa26036c-5fe0-44da-aaae-f90e182004ad,cowardly.plus,available,4.98,72.98,medium,low,8,namecheap,,,13/08/2026 04:07
a94228ce-7228-48da-84ce-1d7e138fec5a,balker.plus,available,4.98,72.98,medium,low,6,namecheap,,,03/09/2026 18:54
b0767c7b-b726-4271-861c-52b4ae912c8a,bagel.plus,available,15.99,53.99,high,low,5,namesilo,,,26/09/2026 04:13
1f8cddd7-c298-49bc-892c-deec28a758ab,millionaire.plus,available,9.85,45.16,high,low,11,dynadot,,,28/09/2026 07:04
d53f8385-9539-420d-87e7-36d0081ff20c,exceeding.plus,available,4.98,72.98,high,low,9,namecheap,,,17/08/2026 15:59
452ddd4a-ae4b-4e00-aab1-63ecc299d235,jolson.plus,available,15.99,53.99,medium,low,6,namesilo,,,18/09/2026 01:21
cd8c8b29-bb72-49af-90f9-06531cdc9f8b,blinded.plus,available,4.98,72.98,medium,low,7,namecheap,,,10/08/2026 14:24
5b3db101-4b2c-4717-b41d-3c033a52518d,augean.plus,available,4.98,72.98,medium,low,6,namecheap,,,07/08/2026 16:54
6b1ef44d-c011-4e52-9081-69478682d17b,thick.plus,available,4.98,72.98,high,low,5,namecheap,,,22/09/2026 22:11
2135aa8b-3725-462a-a2ae-bc381fb2170a,trucks.plus,premium,242,242,medium,low,6,namesilo,,,25/09/2026 06:07
9ad22149-ba13-4e94-8fab-c2085a54e284,ahem.plus,available,4.98,72.98,high,low,4,namecheap,,,17/09/2026 20:20
6056606b-ee7a-4617-ac2a-38029fb9afad,love.plus,resell,,,high,medium,4,"Chengdu West Dimension Digital Technology Co., Ltd.",01/12/2025 19:39,01/12/2026 19:39,26/09/2026 07:19
53b5f725-8976-4b2c-b625-1da3c3f1e56c,belonging.plus,available,15.99,53.99,high,low,9,namesilo,,,23/09/2026 06:53
71be2a36-0068-40bc-b887-9ab6631c3b11,elena.plus,available,15.99,53.99,high,low,5,namesilo,,,27/09/2026 03:02
15ac276a-d979-46ff-8039-175519d06640,fugly.plus,available,4.98,72.98,medium,low,5,namecheap,,,18/08/2026 17:49
f7186c70-9790-4604-a1c4-ad73309e9bd3,unowned.plus,available,4.98,72.98,medium,low,7,namecheap,,,04/09/2026 22:16
da4f2ab9-7a9a-4b4d-a294-4fffee557feb,dives.plus,available,21.99,,high,low,5,name.com,,,
d01fe435-d513-4bf5-bd25-2c2bf86b0ab0,loyola.plus,available,15.99,53.99,medium,low,6,namesilo,,,25/09/2026 07:44
552f8681-b6e6-4720-842e-ae035bee44ff,lucullan.plus,available,4.98,72.98,medium,low,8,namecheap,,,24/08/2026 11:00
318496e9-7920-428a-b1eb-685f583a8613,restlessly.plus,available,4.98,72.98,medium,low,10,namecheap,,,15/09/2026 23:29
1540e6bd-f58e-4515-9a52-3b6230cf6e03,sums.plus,available,4.98,72.98,medium,low,4,namecheap,,,18/09/2026 07:08
d9b3b32d-8ded-437e-96f0-3dc404edf134,forego.plus,available,4.98,72.98,high,low,6,namecheap,,,18/08/2026 11:52
fb651f2d-f525-4bc7-906c-31b03cfe8344,formosan.plus,available,4.98,72.98,high,low,8,namecheap,,,18/08/2026 12:16
3ab9bda8-e705-4869-9ed6-cd91bdc7a297,vegetable.plus,available,21.99,,high,low,9,name.com,,,
1b01dce6-0576-48d4-8946-6594fa21d590,fleeting.plus,available,4.98,72.98,high,low,8,namecheap,,,18/08/2026 07:51
6e298f4c-759c-4259-87b6-202bcf4c1cae,contaminated.plus,available,21.99,,medium,low,12,name.com,,,
9a368f0a-4bd3-4dfb-9531-0618607ff367,cooking.plus,premium,102.67,102.67,high,low,7,spaceship,,,28/09/2026 06:07
7c648238-8cbc-4cce-8a9d-2a48a9df8c1e,loafer.plus,available,4.98,72.98,medium,low,6,namecheap,,,14/08/2026 14:12
64799bc8-b76a-4dbe-9bb9-d4849cae3091,papist.plus,available,4.98,72.98,medium,low,6,namecheap,,,05/09/2026 01:35
9ae93b8e-4188-44cd-9d0a-a18ca1d27b83,worded.plus,available,15.99,53.99,medium,low,6,namesilo,,,20/09/2026 15:04
2fcc72f2-ee4b-4995-ac52-0b193e36b753,hunted.plus,available,4.98,72.98,medium,low,6,namecheap,,,21/08/2026 15:43
dc0f99a9-e060-4023-8195-9a47e20d30fb,mesozoic.plus,available,4.98,72.98,medium,low,8,namecheap,,,24/08/2026 21:21
ee2f30a5-5bd9-4332-9428-313abd760e6e,risky.plus,available,4.98,72.98,medium,low,5,namecheap,,,21/08/2026 01:43
6abdc844-d779-42a6-a3ea-c818d55d8928,embodiment.plus,available,15.99,53.99,high,low,10,namesilo,,,21/09/2026 08:48
4579487e-47d0-4550-97cc-971e6fbc5cec,deceiver.plus,available,4.98,72.98,medium,low,8,namecheap,,,23/09/2026 02:29
0e9d8b21-93bb-434e-9685-99766ea09622,truster.plus,available,15.99,53.99,high,low,7,namesilo,,,23/09/2026 05:14
bb567a62-01b1-451a-bb89-96e32dff4d03,pellagra.plus,available,15.99,53.99,medium,low,8,namesilo,,,18/09/2026 13:55
18ed92a4-2f35-4adc-8ee0-900ee0d0adde,normally.plus,available,21.99,,high,low,8,name.com,,,
7e2b9dd6-b254-4cbc-b78c-d632ba274d08,berserker.plus,available,4.98,72.98,medium,low,9,namecheap,,,09/08/2026 15:17
45d99585-91f0-4eb0-bd4e-117e6d9f0b14,aluminum.plus,available,15.99,53.99,high,low,8,namesilo,,,18/09/2026 00:21
d65e6bf3-b786-4ad7-8717-7f12bf3f9234,exist.plus,available,21.99,,high,low,5,name.com,,,
adfbfcde-e822-415f-a50e-f333ad5b8927,wanderer.plus,available,4.98,72.98,high,low,8,namecheap,,,23/09/2026 20:11
176df128-1e7e-48ca-bca7-c94f3a8977d1,unanimous.plus,available,4.98,72.98,high,low,9,namecheap,,,12/08/2026 22:33
7f0558d5-35f8-4259-a643-3b7f95f00aae,dominoes.plus,available,4.98,72.98,high,low,8,namecheap,,,24/09/2026 23:28
41c4eb29-6b46-40b2-910b-5549fde5cf80,overeat.plus,available,15.99,53.99,medium,low,7,namesilo,,,23/09/2026 17:26
80ebd6eb-c6ea-4ade-ab0f-67176b927674,unshaved.plus,available,4.98,72.98,low,low,8,namecheap,,,12/09/2026 19:42
49fd569a-85a6-424f-a5fa-7470aa4db1bd,staunch.plus,available,4.98,72.98,high,low,7,namecheap,,,10/09/2026 19:22
6cb12b8f-282b-4a22-b7c8-37c3658774a5,princely.plus,available,4.98,72.98,high,low,8,namecheap,,,14/08/2026 01:00
d30412b8-9cd4-419f-9992-a25b7df16c35,stump.plus,available,4.98,72.98,medium,low,5,namecheap,,,18/09/2026 17:18
0557f538-90b0-493d-af6b-2fa6d4fd838f,father.plus,available,21.99,,high,low,6,name.com,,,
0d416063-5884-4d5a-ab77-d980dc315bbf,consents.plus,available,15.99,53.99,medium,low,8,namesilo,,,20/09/2026 13:43
9c7fcb90-3217-44e9-a7c9-3261b0d0fe63,ending.plus,available,4.98,72.98,high,low,6,namecheap,,,25/09/2026 05:36
1f2c7f81-a1db-44ad-a3f1-b6c672062b11,wily.plus,available,4.98,72.98,medium,low,4,namecheap,,,13/08/2026 04:38
fa236533-7952-497f-9238-1f31ecf29a38,germs.plus,available,15.99,53.99,low,low,5,namesilo,,,20/09/2026 10:09
cea2f020-f8d0-470e-97d3-4af0dfcd5197,homophobic.plus,available,4.98,72.98,medium,low,10,namecheap,,,21/08/2026 13:04
bc8aca16-ff84-4fce-addd-d8015b08eb54,leal.plus,available,4.98,72.98,high,low,4,namecheap,,,22/08/2026 22:03
fafe6eaf-cd08-463c-bfe8-dbebfe5843bf,cling.plus,available,15.99,53.99,high,low,5,namesilo,,,24/09/2026 15:42
b2da38f8-47bc-4355-80be-a58ea9448cdf,tiresome.plus,available,4.98,72.98,medium,low,8,namecheap,,,10/08/2026 20:03
662f7eb5-f5cd-4868-86ed-fd3753a14385,watertight.plus,available,4.98,72.98,high,low,10,namecheap,,,11/08/2026 08:34
e5fd109f-a0f6-4b15-9ea4-fdcca67f3dd8,counterfeits.plus,available,4.98,72.98,low,low,12,namecheap,,,19/09/2026 21:40
a8e3d936-5c70-44a2-bb92-7c700b1b4fd0,confirming.plus,available,15.99,53.99,high,low,10,namesilo,,,23/09/2026 19:45
d50f306b-fb8f-4b8f-b621-d65fe463b7bb,conic.plus,available,4.98,72.98,high,low,5,namecheap,,,12/08/2026 20:39
1a819d18-2118-45a9-ab36-5dcfb809fd0c,nautilus.plus,available,15.99,53.99,high,low,8,namesilo,,,20/09/2026 04:33
aeec53aa-0b5d-41a2-b5a3-5c25ead2fd34,carribean.plus,available,21.99,,high,low,9,name.com,,,
ef376ea5-a58c-45ed-9a18-0e5b9d4754b9,modeled.plus,available,4.98,72.98,medium,low,7,namecheap,,,25/08/2026 02:51
1a8903a4-65f0-411e-90f5-e4546becd92e,contested.plus,available,15.99,53.99,medium,low,9,namesilo,,,23/09/2026 22:01
51a42b30-2c3e-4b06-9802-b8e7bb8b32c4,teen.plus,premium,128.7,128.7,high,low,4,namecheap,,,21/09/2026 19:11
3a5aa55a-33f4-4759-93bb-ff7bb9f88a2d,scour.plus,available,4.98,72.98,high,low,5,namecheap,,,10/09/2026 00:23
43ea2ce3-958c-4331-9b4c-dcbc9d0a7c55,thereby.plus,available,4.98,72.98,medium,low,7,namecheap,,,16/09/2026 08:39
ee2209fa-9b19-4d2e-b400-82e1336b5d98,taxation.plus,available,21.99,,high,low,8,name.com,,,
f840e801-fa52-44b0-9ad7-572ca71caa1e,pesky.plus,available,4.98,72.98,medium,low,5,namecheap,,,
fd08418c-df9d-4726-8d1e-19ac78ce9194,domination.plus,available,15.99,53.99,high,low,10,namesilo,,,24/09/2026 23:26
ed9bccd3-e1da-4dd1-becc-3593ab399e84,utilised.plus,available,4.98,72.98,medium,low,8,namecheap,,,13/09/2026 00:07
d07b577e-74a0-491a-9beb-2b3a465de5ee,appears.plus,available,4.98,72.98,medium,low,7,namecheap,,,25/09/2026 20:18
90d57d44-5efe-43a2-a45e-acc70a18b1dc,disturbing.plus,available,4.98,72.98,medium,low,10,namecheap,,,14/08/2026 13:16
8a678b5e-abf9-4087-8af6-c2912a6f5364,bare.plus,available,15.99,53.99,high,low,4,namesilo,,,22/09/2026 11:54
ba2eb1fa-46a0-4860-8ce5-0f01eeee8797,nimbly.plus,available,4.98,72.98,medium,low,6,namecheap,,,13/09/2026 18:18
90cb1604-f6fc-446d-91a9-6e8acb3a0b94,laputan.plus,available,4.98,72.98,medium,low,7,namecheap,,,22/08/2026 19:49
cb302dc2-169f-4f71-81ab-0876229c583e,astacus.plus,available,15.99,53.99,medium,low,7,namesilo,,,20/09/2026 16:51
ab295878-5dca-4eca-b63b-2e5ca9e73a6b,menus.plus,available,9.85,45.16,medium,low,5,dynadot,,,28/09/2026 08:20
6d733e83-8c06-407b-b73e-152e178c74ad,twinning.plus,available,4.98,72.98,high,low,8,namecheap,,,10/08/2026 04:17
2a86d186-d6f4-4db6-8140-d58c2f0669e1,raspy.plus,available,4.98,72.98,medium,low,5,namecheap,,,20/08/2026 18:31
2f34b5e2-7537-49ae-917e-f4ed4aa2e7b9,sasha.plus,available,4.34,43.67,high,low,5,spaceship,,,28/09/2026 08:29
82aff531-940a-479b-8f83-40e8b43b6cd5,ledger.plus,resell,,,high,medium,6,"Chengdu West Dimension Digital Technology Co., Ltd.",02/03/2017 21:56,02/03/2030 21:56,26/09/2026 07:11
3a04f36f-dcb0-4d86-9bb4-6b475da9a945,bhutanese.plus,available,4.98,72.98,medium,low,9,namecheap,,,09/08/2026 18:24
d8c41ff5-4da2-4845-b626-25a8e5b2d7e4,prize.plus,resell,,,high,low,5,"DNSPod, Inc.",18/08/2024 17:00,18/08/2027 17:00,26/09/2026 08:20
471962cb-430b-4319-99ac-874218a79508,harmon.plus,available,15.99,53.99,high,low,6,namesilo,,,27/09/2026 07:57
9206dca5-a71b-4fe6-b90a-8aee80428b9a,amoeboid.plus,available,4.98,72.98,medium,low,8,namecheap,,,
d3dfce9b-d9a0-4076-977b-579a9dad8b45,bessel.plus,available,15.99,53.99,medium,low,6,namesilo,,,23/09/2026 10:26
25d796eb-7808-4b93-bdaa-6ac72c682dfd,blear.plus,available,4.98,72.98,medium,low,5,namecheap,,,10/08/2026 14:01
68de4c62-0272-422e-bde1-43e9ec985127,digging.plus,available,9.85,45.16,high,low,7,dynadot,,,27/09/2026 13:02
a52606d3-e664-4ec2-80d3-2c135dbe0b28,owners.plus,available,9.85,45.16,medium,low,6,dynadot,,,28/09/2026 08:43
d5d543f6-d13a-47cf-bc8a-6220c889e6c9,amur.plus,available,15.99,53.99,high,low,4,namesilo,,,19/09/2026 00:13
fb8662c0-b3ce-4a4c-950d-20c4b997dc8a,kenaf.plus,available,15.99,53.99,medium,low,5,namesilo,,,23/09/2026 16:55
c375afaf-1e35-4a61-abc5-307997e3e7c5,region.plus,resell,,,high,low,6,"DNSPod, Inc.",08/12/2020 13:06,08/12/2026 13:06,26/09/2026 08:34
947a9d27-5498-442e-82f3-08ae5fb2ae54,unique.plus,resell,,,high,medium,6,"Chengdu West Dimension Digital Technology Co., Ltd.",28/03/2020 19:48,28/03/2027 19:48,26/09/2026 09:52
0bca6744-5418-436f-b7b4-aea72adff431,noses.plus,available,15.99,53.99,medium,low,5,namesilo,,,20/09/2026 03:44
978a1785-3d7d-4ea4-82df-18d09536d2c0,candour.plus,available,15.99,53.99,high,low,7,namesilo,,,24/09/2026 12:03
bad81d1c-3073-4508-a923-0d75b455b6df,cadge.plus,available,4.98,72.98,medium,low,5,namecheap,,,11/08/2026 09:28
f6b00394-9176-42e3-b35c-72ab12bf56fe,activase.plus,available,4.98,72.98,medium,low,8,namecheap,,,17/09/2026 05:09
ea619275-6fa2-4352-9ccf-1915db0844cc,altered.plus,available,4.98,72.98,high,low,7,namecheap,,,
ebd42260-d5b1-4909-a348-beb5386a2fc7,dented.plus,available,4.98,72.98,medium,low,6,namecheap,,,13/08/2026 09:08
e8080d48-fdb6-43f8-a147-a9aaac09fdaa,glooming.plus,available,4.98,72.98,medium,low,8,namecheap,,,20/08/2026 14:41
84e42187-c64a-4936-97a6-958cbf0928e9,versatile.plus,available,4.98,72.98,high,low,9,namecheap,,,13/09/2026 04:27
2c13ee48-8f98-45da-8f6e-ed6966fffdf5,writer.plus,resell,,,high,low,6,Dynadot Inc,24/05/2026 17:00,24/05/2027 17:00,26/09/2026 10:14
860c1dad-b192-4717-a33c-3a975b6a75a5,metro.plus,resell,,,high,high,5,,,,28/09/2026 06:24
184caba5-c800-418a-af1b-98f653d18bef,dorian.plus,available,4.98,72.98,high,low,6,namecheap,,,14/08/2026 16:11
64488b06-5956-4f06-b57d-57a3e8608667,fibrous.plus,available,4.98,72.98,medium,low,7,namecheap,,,18/08/2026 03:22
3d946bea-fe3d-4982-9e56-49e16ee7539f,logy.plus,available,4.98,72.98,medium,low,4,namecheap,,,18/08/2026 09:55
4aab8b1f-60bf-4d87-bd3f-b26e582e9eb7,redden.plus,available,4.98,72.98,medium,low,6,namecheap,,,13/08/2026 06:34
b7e0a231-4763-48df-b88c-7e564e0b7070,when.plus,available,21.99,,high,low,4,name.com,,,
0c204f84-41e9-4afd-b2c8-8002a744dc81,guest.plus,resell,,,high,low,5,Alibaba Cloud Computing Ltd. d/b/a HiChina (www.net.cn),15/09/2021 17:00,15/09/2027 17:00,26/09/2026 06:31
32d9ce7c-be17-4b0f-ac2f-f1f36cfd1ec9,blend.plus,resell,,,high,low,5,"Spaceship, Inc.",11/02/2026 06:10,11/02/2027 06:10,26/09/2026 04:29
81a9ab4b-3c37-4a73-88ba-b1098daffdb6,crackers.plus,available,4.98,72.98,medium,low,8,namecheap,,,06/08/2026 20:45
7d0d7b7e-0ef6-4504-85e9-02853c63024c,tranquil.plus,available,4.98,72.98,high,low,8,namecheap,,,11/08/2026 14:53
faa48a6e-d2d5-4d21-98ed-a680769dc08c,ash.plus,resell,,,high,low,3,"Chengdu West Dimension Digital Technology Co., Ltd.",18/02/2020 00:38,18/02/2027 00:38,26/09/2026 04:03
3abeb6e7-2d62-4a8d-83a1-9f949084c094,maxwell.plus,available,4.98,72.98,high,low,7,namecheap,,,28/09/2026 06:04
89817520-2cc3-41c1-a8f8-f2e34ffdee8b,parous.plus,available,4.98,72.98,medium,low,6,namecheap,,,08/09/2026 01:52
8f93c667-2d42-4864-b1d8-e5941434556c,emeer.plus,available,4.98,72.98,medium,low,5,namecheap,,,18/09/2026 18:00
78447593-c672-450d-a0e1-ef3f9250eebb,cranky.plus,available,4.98,72.98,medium,low,6,namecheap,,,13/08/2026 04:53
677b2368-e271-4b20-b9c7-ccd76a686a9a,nas.plus,resell,,,high,medium,3,"Global Domains International, Inc. DBA DomainCostClub.com",01/06/2026 15:15,01/06/2027 15:15,26/09/2026 07:42
f6ca9160-1912-4859-b9a8-bf5014d61961,convoluted.plus,available,4.98,72.98,medium,low,10,namecheap,,,12/08/2026 23:59
d3ba4155-759c-4270-b7e2-cde790388e00,unimportant.plus,available,21.99,,medium,low,11,name.com,,,
2984c255-131d-42d0-b6b2-4235285e651c,infirm.plus,available,17.99,60.99,medium,low,6,name.com,,,13/08/2026 20:32
aeececba-6a71-4bee-9c2d-7f7df8ab1a41,unburdened.plus,available,4.98,72.98,high,low,10,namecheap,,,11/08/2026 10:27
e29ecbf8-1d15-4add-8bde-576b5f4f8400,unspaced.plus,available,4.98,72.98,low,low,8,namecheap,,,12/09/2026 20:24
585c61cd-949d-452c-9ccf-c9923bb6db6e,syrup.plus,available,15.99,53.99,high,low,5,namesilo,,,28/09/2026 06:44
8743a6ce-5211-407c-8d20-916ff4511383,ambassador.plus,available,15.99,53.99,high,low,10,namesilo,,,18/09/2026 16:26
af36a74f-8403-4486-adc4-1fe48f6bf811,abstemious.plus,available,4.98,72.98,medium,low,10,namecheap,,,
0d02a1e0-964c-4e9a-bee9-da715f52e6a6,obnoxious.plus,available,4.98,72.98,medium,low,9,namecheap,,,03/09/2026 23:32
2ebc611f-80fa-474b-98ab-32532a6f0fde,contrived.plus,available,4.98,72.98,medium,low,9,namecheap,,,12/08/2026 23:42
50e84544-53e7-481a-9634-298162ecfe19,might.plus,available,21.99,,high,low,5,name.com,,,
b947fd53-cb62-45ff-9ad0-f6c546708292,algae.plus,available,4.98,72.98,high,low,5,namecheap,,,18/09/2026 06:48
34362190-63e6-445c-973a-09ad7e666915,comforts.plus,available,4.98,72.98,high,low,8,namecheap,,,18/09/2026 18:50
0577e467-1b0d-4f85-8aeb-27da28bb4b54,immaculate.plus,available,4.98,72.98,high,low,10,namecheap,,,18/08/2026 00:07
892403d8-7ab2-4d6d-a30f-4cee0117ce15,dorothea.plus,available,15.99,53.99,medium,low,8,namesilo,,,28/09/2026 07:54
ae67c776-3fd6-478c-90f9-c1dcfa163f05,stupid.plus,available,15.99,53.99,high,low,6,namesilo,,,28/09/2026 01:43
f66b58cf-984b-4636-90f0-248738e8884b,accented.plus,available,4.98,72.98,medium,low,8,namecheap,,,
44a41b3a-d9fc-4bc5-8989-35fd0cf151ac,hoping.plus,available,15.99,53.99,high,low,6,namesilo,,,25/09/2026 11:50
8817ff26-5440-4d55-aa75-2d8ac572994e,korea.plus,resell,,,high,high,5,"DNSPod, Inc.",21/06/2018 08:13,21/06/2030 08:13,26/09/2026 07:06
431306a3-25e9-468e-94bb-8996da021fc6,rouser.plus,available,15.99,53.99,medium,low,6,namesilo,,,20/09/2026 08:33
f6f5ef4f-f598-45a1-bbc0-49fa97cb3195,seaward.plus,available,4.98,72.98,medium,low,7,namecheap,,,22/08/2026 06:58
7c0258cf-5dab-471c-a142-1349db40d940,subjective.plus,available,15.99,53.99,high,low,10,namesilo,,,25/09/2026 07:50
17d14e04-97c1-4e8e-992c-2edd7e2145f1,formalized.plus,available,4.98,72.98,medium,low,10,namecheap,,,18/08/2026 12:03
a94c004e-6a2b-4b63-a97c-45c6fa2b487b,disappear.plus,available,4.98,72.98,high,low,9,namecheap,,,27/09/2026 05:58
f694e86e-3a3d-43b7-8f3f-14bfb346f8ad,incoming.plus,available,4.98,72.98,high,low,8,namecheap,,,22/08/2026 01:44
c7910231-010a-43cc-b77d-5063643878b9,atreus.plus,available,4.98,72.98,medium,low,6,namecheap,,,21/09/2026 00:43
51603057-24f7-4457-9f0a-cf85994a5ad8,racist.plus,available,4.98,72.98,medium,low,6,namecheap,,,
c21331ef-160e-427a-9494-127f177e8420,chunky.plus,available,4.98,72.98,high,low,6,namecheap,,,12/08/2026 07:44
6cfd8133-a65e-47d9-a561-c67ccfbb787d,kerry.plus,available,9.85,45.16,high,low,5,dynadot,,,28/09/2026 03:22
306a322f-cd31-4300-9596-b16318c94e1e,beatific.plus,available,4.98,72.98,high,low,8,namecheap,,,
1e19a6d4-8663-4587-b885-badadcba824f,melodious.plus,available,4.98,72.98,high,low,9,namecheap,,,24/08/2026 19:38
a929bbf7-e102-489a-878c-ac1d7e33cba7,swedish.plus,available,4.98,72.98,high,low,7,namecheap,,,11/09/2026 05:29
003f6796-ec9f-485a-b4f1-43542058c5af,planted.plus,available,15.99,53.99,high,low,7,namesilo,,,24/09/2026 04:59
f372b035-df8a-4eb4-b1d9-061d23793ba7,temporary.plus,available,15.99,53.99,high,low,9,namesilo,,,25/09/2026 07:53
99735992-f669-41d5-b308-eec9a17ff1d0,buttercups.plus,available,4.98,72.98,medium,low,10,namecheap,,,20/09/2026 19:49
424e8c8b-56e6-4c45-916c-8d195423a8b8,multistory.plus,available,4.98,72.98,medium,low,10,namecheap,,,03/09/2026 10:56
428f1db1-cb7f-4375-b2c9-9d512cfd51bb,disloyalty.plus,available,15.99,53.99,high,low,10,namesilo,,,24/09/2026 22:47
e921c3b8-e6d8-4899-97d3-377af3c1c378,bradford.plus,available,15.99,53.99,high,low,8,namesilo,,,25/09/2026 02:02
b57c5851-b157-4c40-840b-c015bf8673c5,flattened.plus,available,4.98,72.98,medium,low,9,namecheap,,,18/08/2026 06:55
08f72553-c817-47ec-8dc2-63908d012c0c,amount.plus,available,15.99,53.99,high,low,6,namesilo,,,25/09/2026 05:06
61de333d-e060-480a-9ac4-63eccfa351a7,quixotic.plus,available,4.98,72.98,medium,low,8,namecheap,,,09/09/2026 09:04
0049cdd3-51c4-4f56-9a02-605d030fb402,bondable.plus,available,4.98,72.98,medium,low,8,namecheap,,,09/08/2026 23:59
537c319e-2813-4eec-ba13-338efec4ab7a,voidable.plus,available,4.98,72.98,medium,low,8,namecheap,,,09/09/2026 14:47
4d362faa-971c-4fa4-a059-c758944d84c9,remotely.plus,available,4.98,72.98,medium,low,8,namecheap,,,15/09/2026 23:10
2e71e692-d052-498b-8719-c4178ad264b7,audition.plus,resell,,,high,low,8,"Spaceship, Inc.",31/08/2026 18:05,31/08/2027 18:05,26/09/2026 04:08
a1823529-d5be-4cf6-a730-287015dc8287,anhydride.plus,available,4.98,72.98,medium,low,9,namecheap,,,19/09/2026 08:24
aa551ac4-c479-4183-a090-349c1623d523,condolences.plus,available,21.99,,medium,low,11,name.com,,,
60df6eea-fa1c-4779-b519-e00b1b62f521,significance.plus,available,42.2,42.2,high,low,12,cloudflare,,,28/09/2026 08:20
bd295169-2d68-4d08-823b-ee400056b64a,filetypes.plus,available,15.99,53.99,low,low,9,namesilo,,,20/09/2026 01:57
59b55ee5-2b81-4ded-8977-c011bb573db1,therefore.plus,available,21.99,,high,low,9,name.com,,,
49f4826c-22c2-48b7-9fe6-774ee31ca180,older.plus,available,15.99,53.99,high,low,5,namesilo,,,21/09/2026 22:32
c7ee84b0-7143-4b53-a3c0-b5f31423e3b5,clemson.plus,available,17.99,60.99,high,low,7,name.com,,,27/09/2026 07:07
886bdb56-d71d-4005-81ad-e1ff13a75da3,evanston.plus,available,4.34,43.67,medium,low,8,spaceship,,,28/09/2026 08:11
3f8b72b6-3d7d-4e9e-81a6-6e9205f5c09f,aggressive.plus,available,15.99,53.99,high,low,10,namesilo,,,21/09/2026 22:59
90a20aca-c0de-4d72-87ac-8846f88b3d58,ascus.plus,available,15.99,53.99,medium,low,5,namesilo,,,20/09/2026 13:28
9c46049a-c376-47ae-a858-61488f939470,abreaction.plus,available,15.99,53.99,medium,low,10,namesilo,,,16/09/2026 17:06
49eb391a-8fa3-45cf-a81b-e7b51fce53bc,inscribed.plus,available,4.98,72.98,medium,low,9,namecheap,,,17/08/2026 08:24
523e40da-e86f-4ecb-9d54-ff93e8588425,migrator.plus,available,4.98,72.98,medium,low,8,namecheap,,,24/08/2026 22:51
715b3cc9-437d-44b7-ac6a-7597a0cdb131,autologous.plus,available,4.98,72.98,medium,low,10,namecheap,,,07/08/2026 20:37
8a1c20a5-bf05-408e-8c6c-f40489c10f96,specialty.plus,resell,,,high,low,9,"DNSPod, Inc.",24/04/2024 15:15,24/04/2027 15:15,26/09/2026 09:11
2b18e50d-1130-4441-ac51-b7b2664b8be0,fooling.plus,available,4.98,72.98,high,low,7,namecheap,,,18/08/2026 10:35
ac368720-5a24-49c9-b9a5-25d38057d76c,toned.plus,available,4.98,72.98,medium,low,5,namecheap,,,11/09/2026 17:02
368aa470-4aca-48e3-b537-2e7a55ac56c4,suddenly.plus,available,17.99,60.99,medium,low,8,name.com,,,13/08/2026 19:19
83406b3d-e31a-4ba0-88d2-2a3f713a1527,lick.plus,available,21.99,,high,low,4,name.com,,,
5ff5a3b9-7cbf-4e18-be6d-32933b40c1bd,fortified.plus,available,4.98,72.98,high,low,9,namecheap,,,09/08/2026 00:17
0f38b885-241e-49cf-80ee-ef9535bd4177,definitively.plus,available,21.99,,medium,low,12,name.com,,,
cda23b63-1619-4351-beff-fac87d7f7ddd,vance.plus,available,15.99,53.99,high,low,5,namesilo,,,27/09/2026 03:12
5b66c36f-179a-4cc7-b092-7726c57a27b2,tike.plus,available,4.98,72.98,medium,low,4,namecheap,,,25/08/2026 00:12
47d1bf65-2d86-401d-b4d5-7bea05298bd9,hesse.plus,available,4.98,72.98,high,low,5,namecheap,,,27/09/2026 04:26
50efc59e-074b-414f-ad5f-2cd520d179e9,smart.plus,resell,,,high,medium,5,"GoDaddy.com, LLC",25/09/2017 18:25,25/09/2027 18:25,28/09/2026 04:40
2067482b-d3fd-4914-8554-ab9e64c7b01c,newfangled.plus,available,4.98,72.98,medium,low,10,namecheap,,,03/09/2026 16:46
fd1f00d6-9d69-401c-863c-2fbc2fd74ff9,bezant.plus,available,15.99,53.99,low,low,6,namesilo,,,23/09/2026 12:11
ff9079e0-7208-4df2-98fa-a287d6030fd2,argyle.plus,available,4.98,72.98,high,low,6,namecheap,,,20/09/2026 04:57
92673f92-0be3-4556-8226-6ad4b1ff0824,linnaeus.plus,available,15.99,53.99,medium,low,8,namesilo,,,28/09/2026 05:24
5add1d6e-af1f-4a68-baac-df249d2e4da9,dyke.plus,available,4.98,72.98,medium,low,4,namecheap,,,11/08/2026 11:35
24a06608-1470-4065-a32d-d38179c27be4,gladiola.plus,available,4.98,72.98,medium,low,8,namecheap,,,19/08/2026 00:09
6cce46c6-72b4-48ea-b62c-4b31debe2054,antemortem.plus,available,4.98,72.98,medium,low,10,namecheap,,,
4c2a9d43-73b7-418b-b26f-3f29b3f15401,chap.plus,available,15.99,53.99,medium,low,4,namesilo,,,24/09/2026 06:13
c4e8c901-b434-454f-821b-8c3dfaebbd32,swanson.plus,available,42.2,42.2,high,low,7,cloudflare,,,28/09/2026 02:01
21c524da-c8bd-4ae1-959c-7f28ba90deae,steep.plus,available,4.98,72.98,high,low,5,namecheap,,,17/08/2026 17:40
26b57a7d-f45c-49f2-a35d-c13e5a959979,radar.plus,resell,,,high,low,5,"DNSPod, Inc.",17/04/2019 23:24,17/04/2027 23:24,26/09/2026 08:28
f615694a-9994-4e4e-ac21-10dfa96cf553,toothy.plus,available,4.98,72.98,medium,low,6,namecheap,,,11/09/2026 17:20
62f4a846-d34e-47f9-840c-86bace3709b7,scope.plus,resell,,,high,low,5,"DNSPod, Inc.",10/02/2023 17:00,10/02/2027 17:00,26/09/2026 08:51
01ee4df9-479f-4049-8a69-959b1072034b,wobbling.plus,available,4.98,72.98,medium,low,8,namecheap,,,13/09/2026 12:52
07a7c00a-54db-4dc5-af57-5fca49ad4900,gig.plus,resell,,,high,low,3,,,,28/09/2026 05:44
18160441-d182-4f3c-b2e6-7090a44c9ef9,bakshis.plus,available,15.99,53.99,medium,low,7,namesilo,,,21/09/2026 15:54
77fce356-90b1-4b8f-aa7b-da1922b664dd,grabbed.plus,available,15.99,53.99,medium,low,7,namesilo,,,27/09/2026 03:19
2e2481bb-96d1-44b2-9201-1107ae04e86c,clinquant.plus,available,4.98,72.98,medium,low,9,namecheap,,,12/08/2026 11:08
1fd1f6c6-737e-4a26-9f83-c26e1da4cdaf,adaptable.plus,available,15.99,53.99,high,low,9,namesilo,,,21/09/2026 16:52
ca63b655-7f41-419a-abac-816025883dd4,springbok.plus,available,15.99,53.99,medium,low,9,namesilo,,,19/09/2026 14:19
565a8701-3f08-4dca-bc75-179eebd4257f,avionics.plus,available,15.99,53.99,high,low,8,namesilo,,,21/09/2026 09:35
8d9749d8-490d-4279-b73b-cdf53f317930,thrilling.plus,available,4.98,72.98,high,low,9,namecheap,,,16/08/2026 02:41
b7cf38c6-309b-4dd3-a272-1b2f8263137e,corporate.plus,resell,,,high,low,9,"Xiamen ChinaSource Internet Service Co., Ltd",12/09/2020 08:14,12/09/2027 08:14,28/09/2026 04:27
7861112a-d7ee-445b-bf1b-8f0d1204942d,dickensian.plus,available,4.98,72.98,medium,low,10,namecheap,,,14/08/2026 06:25
688221e9-6cdd-40e3-b32c-7ebdeb4bf7bf,coherently.plus,available,21.99,,medium,low,10,name.com,,,
dfd1fdbe-4aec-41a5-8cf5-0d65a93e6fcb,moonfish.plus,available,4.98,72.98,medium,low,8,namecheap,,,20/09/2026 21:37
c1b5a007-1e44-4f16-b997-e95ed26ebb93,pulmonary.plus,available,4.98,72.98,high,low,9,namecheap,,,09/09/2026 05:54
e90d24ab-ab1c-4944-92f2-f62fbe5b2a28,songster.plus,available,4.98,72.98,medium,low,8,namecheap,,,21/09/2026 22:38
a6124f99-a87d-4da3-af3d-16107a237350,illogical.plus,available,4.98,72.98,medium,low,9,namecheap,,,14/08/2026 11:22
8080cc80-1298-4e1f-9569-690821494a8d,faced.plus,available,4.98,72.98,high,low,5,namecheap,,,17/08/2026 20:20
efff2373-3d9d-4265-995c-98c544033af0,walked.plus,available,15.99,53.99,medium,low,6,namesilo,,,18/09/2026 01:20
c57562ca-fd60-4e56-b2b3-fd97d6849187,venushair.plus,available,15.99,53.99,medium,low,9,namesilo,,,17/09/2026 08:07
7992c91b-eeb9-4059-a159-b7a3ede29ec8,randolph.plus,available,15.99,53.99,high,low,8,namesilo,,,25/09/2026 14:59
fde8a443-4800-48ea-b4b2-c80df934e6d1,confiding.plus,available,4.98,72.98,high,low,9,namecheap,,,12/08/2026 20:45
ba390b8c-cef6-42f3-a64f-23676379df8b,unlatched.plus,available,4.98,72.98,medium,low,9,namecheap,,,12/09/2026 01:38
2a495e56-a41a-4539-94be-cf6cb17a1d4e,miscreant.plus,available,4.98,72.98,medium,low,9,namecheap,,,09/09/2026 14:38
bbc5c03f-4a87-4821-9941-dfa635f412b4,combat.plus,resell,,,high,low,6,"Chengdu West Dimension Digital Technology Co., Ltd.",14/01/2021 08:25,14/01/2027 08:25,26/09/2026 05:07
451f2e29-1134-44e8-b268-8e6e00caada5,neolithic.plus,available,4.98,72.98,medium,low,9,namecheap,,,03/09/2026 15:25
6635945a-b717-4e45-a825-8d077692b7bb,photograph.plus,available,15.99,53.99,high,low,10,namesilo,,,26/09/2026 00:03
71dbe57a-5451-4ff6-b4d7-29a5e2d7eb97,courteous.plus,available,15.99,53.99,high,low,9,namesilo,,,24/09/2026 00:40
76606bbd-647e-452d-823e-d08e6a0a8f34,desperately.plus,available,15.99,53.99,medium,low,11,namesilo,,,28/09/2026 07:05
1c0c6ea5-1202-448e-b346-bfad78770e1e,diane.plus,available,4.98,72.98,high,low,5,namecheap,,,25/09/2026 19:09
8d2b3743-1f07-4407-9bdb-e8c289568def,pneumonia.plus,available,4.34,43.67,medium,low,9,spaceship,,,28/09/2026 06:36
a1a63b27-f2e9-4ade-94b7-7e4721c0d5b2,hesperides.plus,available,15.99,53.99,medium,low,10,namesilo,,,20/09/2026 21:44
563a63b3-1f30-4b9c-86a4-2d3483a56637,fulbright.plus,available,15.99,53.99,high,low,9,namesilo,,,27/09/2026 04:04
233ad0a6-e6f1-466f-957a-8301addff576,straying.plus,available,4.98,72.98,medium,low,8,namecheap,,,10/09/2026 22:14
b81ec457-6f1e-420a-8eb7-4239e6eb23c5,julien.plus,available,15,,high,low,6,unstoppable,,,28/09/2026 03:56
e2363502-4906-44cd-86fe-9c4cabbf64b1,fittingly.plus,available,4.98,72.98,medium,low,9,namecheap,,,13/09/2026 20:32
d8fb3c5d-9762-4cb3-bf45-9c0ad96f83f6,ersatz.plus,available,4.98,72.98,medium,low,6,namecheap,,,17/08/2026 13:03
f6aba874-3df5-4fcc-9492-cfafd4dd5b18,agaricus.plus,available,15.99,53.99,medium,low,8,namesilo,,,17/09/2026 16:23
1d0593af-8ad1-4fa3-929b-7d395705858e,oleaceous.plus,available,4.98,72.98,medium,low,9,namecheap,,,04/09/2026 02:06
7232451c-de4f-45ef-90cb-2e6682f7eb66,clunky.plus,available,4.98,72.98,medium,low,6,namecheap,,,12/08/2026 13:08
789b27f8-6bd1-441d-bb11-da5aa81fe1e1,lamenting.plus,available,4.98,72.98,medium,low,9,namecheap,,,22/08/2026 19:02
749a93e1-ad65-49df-b9dc-ab867a0dcd3a,fry.plus,available,4.98,72.98,high,low,3,namecheap,,,25/08/2026 00:16
64be837d-ebe9-4ed5-9afd-7fb909146498,streamers.plus,available,4.98,72.98,medium,low,9,namecheap,,,20/09/2026 01:44
dc25de95-52e9-4ed5-a6cf-d37e6e8bb8a3,ferries.plus,available,15.99,53.99,medium,low,7,namesilo,,,20/09/2026 07:40
f79f3d3a-9975-4369-9bb5-0c1df985cd27,shady.plus,available,4.98,72.98,high,low,5,namecheap,,,18/08/2026 09:37
fbbf52fa-cafe-4d39-9fe8-b2a077f8f59a,ignatius.plus,available,42.2,42.2,medium,low,8,cloudflare,,,27/09/2026 14:14
4cde8005-69ba-4707-a6ea-49405d860ad4,convincing.plus,available,15.99,53.99,high,low,10,namesilo,,,23/09/2026 22:56
b7bc5381-2029-40ee-be6f-cb9d33ae9e2f,roasted.plus,available,42.2,42.2,high,low,7,cloudflare,,,27/09/2026 15:50
ebbcb326-8bb8-487a-91b5-4f3bcacada5e,coach.plus,resell,,,high,low,5,Alibaba Cloud Computing Ltd. d/b/a HiChina (www.net.cn),19/08/2021 00:14,19/08/2027 00:14,26/09/2026 05:04
66062f87-6e4b-400c-a64e-a1be826dbd4a,mystified.plus,available,4.98,72.98,medium,low,9,namecheap,,,24/08/2026 21:32
36c9c891-e94e-4dea-bb8f-4138dfec5850,aneurysm.plus,available,15.99,53.99,medium,low,8,namesilo,,,19/09/2026 05:41
10404644-7d4a-426e-8256-912da877ce91,airily.plus,available,4.98,72.98,low,low,6,namecheap,,,13/09/2026 18:31
a1d4f0fc-3be2-4a78-852b-52ac7944ec8b,thirty.plus,resell,,,high,low,6,"DNSPod, Inc.",05/08/2023 15:15,05/08/2027 15:15,26/09/2026 09:36
5fd32a1b-10ef-4907-936e-538aeef4d8c4,jobless.plus,available,4.98,72.98,medium,low,7,namecheap,,,22/08/2026 13:32
1bbffe2f-ee7b-41de-8068-39a8b4c698d3,invariable.plus,available,4.98,72.98,high,low,10,namecheap,,,12/08/2026 22:58
54ef4c65-568a-4926-8ee2-74f87af37db2,shaken.plus,available,4.98,72.98,high,low,6,namecheap,,,10/09/2026 05:44
80dc65c5-575e-480e-8ba5-e8b157a5fde0,kindly.plus,available,4.98,72.98,high,low,6,namecheap,,,24/09/2026 22:41
613b538c-93d3-451e-8572-b5329f954680,bistre.plus,available,15.99,53.99,medium,low,6,namesilo,,,23/09/2026 22:12
fad3184a-d44a-4f28-9c46-50490e1c6a18,bedamn.plus,available,17.99,60.99,low,low,6,name.com,,,13/08/2026 16:21
946debe2-5315-4583-87c7-13ca7c40224d,icelandic.plus,available,4.98,72.98,high,low,9,namecheap,,,21/08/2026 17:45
710e1f4b-37d7-4d14-af72-15d863341f57,tommyrot.plus,available,15.99,53.99,medium,low,8,namesilo,,,21/09/2026 23:53
c02f04ef-ff33-473a-be68-8b82e6eb3866,topping.plus,available,4.98,72.98,high,low,7,namecheap,,,11/09/2026 17:36
ae4f1a25-26e6-4d58-bda4-9462215f6f04,louder.plus,available,4.98,72.98,high,low,6,namecheap,,,28/09/2026 08:31
2c2d784c-8743-4110-90f3-a27be3dd1881,alumna.plus,available,4.98,72.98,high,low,6,namecheap,,,20/08/2026 17:44
e204a18a-ec40-4bd1-a936-6da875a53b22,cardiac.plus,available,4.98,72.98,high,low,7,namecheap,,,11/08/2026 18:53
9ebb80b9-700e-4556-8535-fa960c069891,hirsute.plus,available,4.98,72.98,medium,low,7,namecheap,,,20/08/2026 22:11
ece70a06-6618-4958-8cda-ec75f05faaa0,crooner.plus,available,15.99,53.99,medium,low,7,namesilo,,,21/09/2026 22:42
2ea01713-96b1-4253-ade5-5052b0cc534d,glossary.plus,available,,,high,low,8,,,,
313469f9-5749-4a08-8ce0-9dd646924fe6,refractory.plus,available,4.98,72.98,medium,low,10,namecheap,,,18/08/2026 13:55
11424063-11ec-46ad-bbc1-72a48318c6b5,cease.plus,available,15.99,53.99,medium,low,5,namesilo,,,27/09/2026 12:23
2c83a854-0624-4467-9aa7-2b6580b93a1b,bmus.plus,available,4.98,72.98,medium,low,4,namecheap,,,21/09/2026 14:14
975f190a-b823-4243-9ed4-56d8c202b924,their.plus,available,21.99,,medium,low,5,name.com,,,
2b29cb43-7134-414e-b4c2-48ce482222ae,anaerobe.plus,available,15.99,53.99,medium,low,8,namesilo,,,19/09/2026 01:18
6235dbe0-a00e-4d76-829d-b3aa67e3a25f,birdsong.plus,available,4.98,72.98,high,low,8,namecheap,,,23/09/2026 20:37
4cfea23f-d85e-49cc-8c58-0dc269bb080b,solferino.plus,available,15.99,53.99,medium,low,9,namesilo,,,22/09/2026 15:59
ef2c257a-e59b-4021-91ed-f4528ca0576d,raft.plus,available,4.98,72.98,high,low,4,namecheap,,,25/08/2026 00:40
cd2773c0-cf78-474d-a13c-743d95f51249,exhale.plus,available,21.99,,high,low,6,name.com,,,
acf17d5a-d0d2-4fe9-9e1c-0113e9c0a190,nebulous.plus,available,4.98,72.98,medium,low,8,namecheap,,,12/08/2026 12:45
c5a9c2ca-a72a-4c56-b4f9-94f62964877f,lactic.plus,available,4.98,72.98,medium,low,6,namecheap,,,04/09/2026 08:23
6df3b444-d799-418e-a2b3-6fc93b4d40de,appendage.plus,available,4.98,72.98,medium,low,9,namecheap,,,19/09/2026 20:35
00d044e4-70d4-44cd-b771-169930b99eb5,whoever.plus,available,21.99,,medium,low,7,name.com,,,
c379d7b1-ac13-4c6b-862e-4e89e765db7b,volitional.plus,available,4.98,72.98,medium,low,10,namecheap,,,13/09/2026 06:50
9c841e77-4597-4d0d-9682-c1bac2642ce0,uveous.plus,available,4.98,72.98,low,low,6,namecheap,,,13/09/2026 00:24
0349fb38-c692-477f-a78f-787e7cc54ade,changing.plus,available,15.99,53.99,high,low,8,namesilo,,,23/09/2026 13:46
88ad05a6-3b0f-4158-8bda-32ba5a430000,calibrated.plus,available,4.98,72.98,medium,low,10,namecheap,,,11/08/2026 14:16
37a7d285-15b8-48f6-8a33-418f580ff8a8,spinoza.plus,available,4.98,72.98,high,low,7,namecheap,,,22/09/2026 09:34
878ce8dc-b21d-4c4b-96aa-73ae189c98fd,alacrity.plus,available,4.98,72.98,high,low,8,namecheap,,,18/09/2026 01:37
ff9e1f13-39de-46c0-b20b-c5ce5510fada,bering.plus,available,15.99,53.99,high,low,6,namesilo,,,23/09/2026 04:03
56c50415-e82a-4621-97f9-8ebc5a2bebd8,abkhazian.plus,available,4.98,72.98,medium,low,9,namecheap,,,
3595b668-59e5-4bac-9aae-fcdf7b6cf62b,yearlong.plus,available,4.98,72.98,medium,low,8,namecheap,,,13/09/2026 14:24
701b6095-4a30-48e4-b102-ffbea15873db,accessible.plus,resell,,,high,low,10,"Spaceship, Inc.",06/07/2026 19:55,06/07/2027 19:55,26/09/2026 01:19
f0f0957e-5539-4a0b-bf47-7a2b6aea9083,aids.plus,available,21.99,,high,low,4,name.com,,,
ebba55d5-2078-4f91-b88d-8bfa072434d2,hockey.plus,resell,,,high,low,6,"DNSPod, Inc.",03/07/2018 23:17,03/07/2027 23:17,26/09/2026 06:41
502ce030-5aa0-4a34-896d-6862a9e872b9,vegetative.plus,available,4.98,72.98,medium,low,10,namecheap,,,13/09/2026 01:44
c1637cb8-e097-48c4-849b-3e88c48bb480,wastebin.plus,available,15.99,53.99,medium,low,8,namesilo,,,20/09/2026 13:38
76292780-e204-45af-99e6-3079da8398ff,devotee.plus,available,4.98,72.98,high,low,7,namecheap,,,11/08/2026 07:49
ecb01d19-f9d6-4b63-b796-6d2ed750b927,focuses.plus,available,15.99,53.99,medium,low,7,namesilo,,,20/09/2026 21:43
2b5dc05f-0167-44da-b95e-df3febc48a68,abls.plus,available,15.99,53.99,medium,low,4,namesilo,,,16/09/2026 16:13
b4ff4a81-3761-4500-b1e4-c19a8a6eb39a,angered.plus,available,4.98,72.98,medium,low,7,namecheap,,,
e029d610-d122-4e3d-ac7c-4fb7aedb937f,afford.plus,available,15.99,53.99,high,low,6,namesilo,,,25/09/2026 11:07
7dfc2b5b-fc0f-474a-a10f-73bad8f11272,operative.plus,available,4.98,72.98,high,low,9,namecheap,,,04/09/2026 16:29
45aa4b00-3097-43df-aea9-b0c2da4b079a,alir.plus,available,4.98,72.98,medium,low,4,namecheap,,,17/08/2026 22:11
3d64d9e8-3595-473f-aaaa-3d5816963644,motivate.plus,available,17.99,60.99,high,low,8,name.com,,,27/09/2026 07:34
b6df12dc-412f-4cce-84d4-2fa113e4d5aa,oily.plus,available,4.98,72.98,medium,low,4,namecheap,,,11/08/2026 11:42
ea2a012a-f004-4db1-8897-202a48efe9a2,cruddy.plus,available,4.98,72.98,medium,low,6,namecheap,,,13/08/2026 08:44
4bd0569f-50ac-47c1-aa73-d20596101b73,audacious.plus,available,15.99,53.99,high,low,9,namesilo,,,22/09/2026 12:06
d022cc8b-7b9c-4bdf-b7c8-d27dfc877a93,chalkboard.plus,available,4.98,72.98,high,low,10,namecheap,,,24/09/2026 02:10
950c2e44-b161-4a65-a206-5040c44604ae,necks.plus,available,15.99,53.99,medium,low,5,namesilo,,,19/09/2026 20:42
8252004f-18c0-4117-ada8-62f6535416af,bulging.plus,available,4.98,72.98,medium,low,7,namecheap,,,09/08/2026 13:41
f39f63bc-2941-4433-8696-391a9a567acc,outlander.plus,available,4.98,72.98,medium,low,9,namecheap,,,
112a9c36-5616-44af-abae-53e37d478c86,amanuensis.plus,available,15.99,53.99,medium,low,10,namesilo,,,18/09/2026 15:49
c5a5e3d7-caa2-4632-94af-5554a94cf6cc,uninsured.plus,available,4.98,72.98,high,low,9,namecheap,,,12/09/2026 13:28
a39f84b2-9189-4228-b3fe-25823b17864e,aspartame.plus,available,15.99,53.99,medium,low,9,namesilo,,,20/09/2026 14:43
da25605c-c3fe-4da4-89f1-2cd5ccf45550,gaussian.plus,available,4.98,72.98,high,low,8,namecheap,,,18/08/2026 20:52
6f2f05dc-02df-443b-b893-5c3f7d63840e,portent.plus,available,4.98,72.98,medium,low,7,namecheap,,,09/09/2026 02:55
7d629e15-7314-4fb9-a38d-94050b007dc9,counter.plus,resell,,,high,low,7,"DNSPod, Inc.",03/07/2024 17:11,03/07/2027 17:11,26/09/2026 05:17
910cd577-c83e-4c81-b3bc-3f4acc3c3258,phoebe.plus,available,4.98,72.98,medium,low,6,namecheap,,,
75576eb4-a682-44e4-8f33-dc46c56e932f,norwich.plus,available,15.99,53.99,medium,low,7,namesilo,,,25/09/2026 14:43
ecf35fc2-b34b-4a75-b176-0557e59d6268,defection.plus,available,17.99,60.99,medium,low,9,name.com,,,19/09/2026 19:16
e05dbe6c-d420-461e-803c-01f7d2739280,rid.plus,available,21.99,,high,low,3,name.com,,,
2950e957-20a9-4d6f-94e5-c6e5b17178f5,shh.plus,available,21.99,,high,low,3,name.com,,,
6559c1c0-0520-4c8e-925f-6af1b8e7165e,neighbours.plus,available,15.99,53.99,medium,low,10,namesilo,,,18/09/2026 07:42
df8cf9c0-dd8c-46b2-9314-b271cb98f84e,reticently.plus,available,4.98,72.98,medium,low,10,namecheap,,,15/09/2026 23:31
2d22fd97-64ae-4b18-8968-47c25cf1bbf1,akha.plus,available,15.99,53.99,medium,low,4,namesilo,,,17/09/2026 23:55
ecbeb1ed-f17d-4553-b3b4-3ed0720d8e8d,blackcock.plus,available,4.98,72.98,medium,low,9,namecheap,,,24/09/2026 00:30
4439c0e7-ce99-4d8f-8df5-1d86cb1213a1,crime.plus,available,4.98,72.98,high,low,5,namecheap,,,24/09/2026 19:24
ffbbb124-8940-4310-be33-c4c8bc9ac5d7,spectral.plus,available,,,high,low,8,,,,
ee9b2673-a2a0-4e9c-a3a8-903b972121a8,scrappy.plus,available,4.98,72.98,high,low,7,namecheap,,,09/09/2026 23:48
33d0a803-941f-4a09-a08f-e9798c0aa296,starred.plus,available,4.98,72.98,medium,low,7,namecheap,,,07/08/2026 08:52
636efd8a-5688-4ffc-993c-3d00dae22215,absorbent.plus,available,4.98,72.98,high,low,9,namecheap,,,
cc0d262a-049d-48fc-a678-f4290408fac5,goddam.plus,available,4.98,72.98,medium,low,6,namecheap,,,10/08/2026 12:44
3d6b17b9-798f-48d1-8d8d-356dab93c0ca,planet.plus,resell,,,high,medium,6,"Chengdu West Dimension Digital Technology Co., Ltd.",13/07/2015 13:28,13/07/2027 13:28,26/09/2026 08:11
f555c0dc-8b37-4734-b676-7c2700148631,sciences.plus,available,15.99,53.99,medium,low,8,namesilo,,,28/09/2026 07:41
068c77d3-a2a3-4e74-bdef-980a99a84ba0,torrid.plus,available,4.98,72.98,medium,low,6,namecheap,,,06/08/2026 16:35
1e4df397-dad5-4b85-b03d-5c60e18fb5d5,androgenic.plus,available,4.98,72.98,medium,low,10,namecheap,,,
31910a84-aa52-4a64-a8c1-d76f6eb1a8f8,working.plus,resell,,,high,low,7,"DNSPod, Inc.",15/05/2020 08:31,15/05/2027 08:31,26/09/2026 10:13
bc60574d-d7b6-4ae0-8fb0-86df5897498b,wolfgang.plus,available,15.99,53.99,high,low,8,namesilo,,,25/09/2026 15:09
c0bd61d8-78bb-4d95-8d53-c6dac3af6fc1,anorexia.plus,available,15.99,53.99,medium,low,8,namesilo,,,19/09/2026 11:46
4b6f86c0-9116-41cd-8a1a-d34c75b26e77,klaus.plus,available,17.99,60.99,medium,low,5,name.com,,,27/09/2026 01:38
2d117687-bd42-40ee-9002-57e39c628fe6,cbc.plus,available,15.99,53.99,high,low,3,namesilo,,,28/09/2026 00:59
eac559f2-8777-4993-abab-51b1a49e6a3f,hepworth.plus,available,15.99,53.99,medium,low,8,namesilo,,,22/09/2026 04:23
2dd4975b-c3b7-405c-86ec-9b7ab4d102bc,bardic.plus,available,4.98,72.98,medium,low,6,namecheap,,,08/08/2026 18:00
1c9200a4-ca50-4806-b6e9-e21ccd40ae95,walk.plus,resell,,,high,low,4,"DNSPod, Inc.",22/11/2024 15:15,22/11/2026 15:15,27/09/2026 02:47
d0e18b98-8eb8-46b6-bf4b-e18585e00cf3,waterflow.plus,available,21.99,,high,low,9,name.com,,,
6c06a08d-d8b4-4370-9809-f8b59728d369,lookout.plus,available,21.99,,high,low,7,name.com,,,
425c92c0-7d0b-4c4c-aeba-110c1633fc65,constants.plus,available,15.99,53.99,medium,low,9,namesilo,,,21/09/2026 01:13
5a0bb326-6269-4c21-acb2-129c4ff20570,boggy.plus,available,4.98,72.98,medium,low,5,namecheap,,,10/08/2026 17:01
bdee324e-6857-48ba-8ded-209f1fdcfe07,supporter.plus,resell,,,medium,low,9,"GoDaddy.com, LLC",21/08/2021 04:41,21/08/2027 04:41,26/09/2026 09:25
3f952bff-7ef9-496b-a5e7-f7887c010dfe,berth.plus,available,15.99,53.99,high,low,5,namesilo,,,23/09/2026 10:13
843fa8bd-d0bb-46aa-b7b8-f0814c14d1e7,doc.plus,resell,,,high,medium,3,Edomains LLC,29/03/2026 15:15,29/03/2027 15:15,26/09/2026 05:37
6e7ae32b-82f4-456f-9d2f-ac8913ae7055,economical.plus,available,15.99,53.99,high,low,10,namesilo,,,24/09/2026 13:25
ee8a3bf3-8a11-475d-b6c6-145d82b93e19,bracing.plus,available,4.98,72.98,high,low,7,namecheap,,,11/08/2026 00:30
54353e0d-05d6-40c7-b8b7-34bdd57bf57d,drawer.plus,available,15.99,53.99,high,low,6,namesilo,,,24/09/2026 23:56
6c83cceb-7cae-4ff0-9c69-f7ef406d80df,lammas.plus,available,15.99,53.99,medium,low,6,namesilo,,,21/09/2026 03:43
85db2353-dd7c-4af3-aefa-64a9636b88f5,structures.plus,available,21.99,,medium,low,10,name.com,,,
b5e66f10-2576-42d6-a840-ba1fee8dae30,observant.plus,available,4.98,72.98,high,low,9,namecheap,,,22/08/2026 21:19
c5c11058-964e-4624-af9c-ae7de73f5a6e,addition.plus,available,21.99,,high,low,8,name.com,,,
8d7f27b5-7d8d-4fcd-beea-ce7e186b8f8b,loads.plus,available,21.99,,high,low,5,name.com,,,
f1dc1b48-3508-4447-b411-f6c05cca3303,extension.plus,resell,,,high,low,9,"Chengdu West Dimension Digital Technology Co., Ltd.",02/12/2020 19:00,02/12/2026 19:00,26/09/2026 05:58
dfcc3048-39eb-4bab-a4bd-24e9ca3cefdc,bluish.plus,available,15.99,53.99,high,low,6,namesilo,,,22/09/2026 22:47
6cce0e9d-152e-4560-a1f6-f62975b44e77,sail.plus,resell,,,high,low,4,"Chengdu West Dimension Digital Technology Co., Ltd.",01/06/2018 18:15,01/06/2027 18:15,26/09/2026 08:47
3db76422-7942-426c-b9bc-d988e66594b2,thinkable.plus,available,4.98,72.98,medium,low,9,namecheap,,,11/09/2026 13:28
6942b29d-9d8a-47a8-92b9-bad6b657bb3e,righted.plus,available,15.99,53.99,medium,low,7,namesilo,,,20/09/2026 15:58
e66aaf74-c3d2-4e3e-a831-dcc3ffa4a218,cva.plus,available,4.98,72.98,medium,low,3,namecheap,,,19/09/2026 19:12
12b94011-ec98-47d0-8b41-02ffd13f601e,imprudent.plus,available,4.98,72.98,medium,low,9,namecheap,,,21/08/2026 23:23
78c3d0cd-6f34-4cfb-981c-88c8a21559e6,laugher.plus,available,4.98,72.98,high,low,7,namecheap,,,09/09/2026 19:28
01c50648-4130-4675-b459-0823dec15bae,wilbur.plus,available,15.99,53.99,high,low,6,namesilo,,,27/09/2026 07:43
86e87525-fef1-4a64-9edb-22df1458f8b8,promissory.plus,available,4.98,72.98,medium,low,10,namecheap,,,09/09/2026 03:11
4a15df84-e2e4-4059-b84f-1cf177b9f0a1,notability.plus,available,4.98,72.98,high,low,10,namecheap,,,03/09/2026 22:04
3c72d920-df0a-44ab-b484-59c793a94848,predilection.plus,available,21.99,,medium,low,12,name.com,,,
ba45d3ad-398c-4ed9-b0d6-70392837ab08,gleam.plus,available,4.98,72.98,high,low,5,namecheap,,,20/08/2026 14:18
c394de97-71d0-4409-8078-fe5b18e407ab,anglian.plus,available,15.99,53.99,medium,low,7,namesilo,,,19/09/2026 06:48
868e6d4e-6a0d-4a37-9ae0-28459908b3bd,skillful.plus,available,15.99,53.99,high,low,8,namesilo,,,21/09/2026 17:27
eafe45af-62ac-4dc2-a1d8-ce47fb97fed7,harmonised.plus,available,4.98,72.98,high,low,10,namecheap,,,12/08/2026 22:52
0417afea-02ef-4aca-88dc-d9215cbc4522,blench.plus,available,4.98,72.98,medium,low,6,namecheap,,,04/09/2026 23:29
b6482384-6400-4ed1-a8b5-062158aaf0a5,cuspid.plus,available,4.98,72.98,medium,low,6,namecheap,,,11/08/2026 17:03
633ebd86-fd25-4043-b5d9-967f88ca8891,reynolds.plus,available,15.99,53.99,high,low,8,namesilo,,,25/09/2026 10:19
0849041d-4ae4-4ebe-916f-944316e9cfc9,palaver.plus,available,15.99,53.99,medium,low,7,namesilo,,,23/09/2026 23:26
9f56de21-1de3-4473-b6f0-bc48fde3c4f4,sixer.plus,available,4.98,72.98,medium,low,5,namecheap,,,
2f4651f0-e12c-4502-8e1b-413f2207b4e7,beignet.plus,available,4.98,72.98,medium,low,7,namecheap,,,23/09/2026 04:07
b897ac18-25bf-49d0-903d-b3f3a4614024,audubon.plus,available,15.99,53.99,medium,low,7,namesilo,,,21/09/2026 03:14
4a7119c2-ca0a-43ff-b8bb-7989c3935cc9,blasphemer.plus,available,15.99,53.99,medium,low,10,namesilo,,,24/09/2026 04:14
eb5630c8-5bb3-43ff-a8f4-946a247ae417,pretender.plus,available,4.98,72.98,high,low,9,namecheap,,,08/09/2026 19:12
2c9f7263-e976-4aeb-8622-9e67ef46da79,bayard.plus,available,4.98,72.98,medium,low,6,namecheap,,,22/09/2026 17:54
03da8114-6cdc-4885-b6ea-72aa6881fdc9,unsuitable.plus,available,4.98,72.98,medium,low,10,namecheap,,,22/08/2026 00:19
68e69aac-26b5-420d-9c31-a7cbff7c4849,cathouse.plus,available,4.98,72.98,medium,low,8,namecheap,,,21/09/2026 18:24
fd121a17-ea57-4cf3-9d75-c99e6cedbf76,charitably.plus,available,4.98,72.98,medium,low,10,namecheap,,,14/09/2026 06:19
593d783e-38ca-4bf2-a9ca-8e0fb9de60a4,phobic.plus,available,4.98,72.98,medium,low,6,namecheap,,,08/09/2026 18:56
f3bd1d85-beda-4062-bce6-e653db483010,smasher.plus,available,4.98,72.98,high,low,7,namecheap,,,22/08/2026 16:38
dc18faa0-423c-4415-b39d-5889831325d0,bonzer.plus,available,4.98,72.98,medium,low,6,namecheap,,,10/08/2026 19:02
8e58bd53-0b00-4f27-8b13-24e778c908e2,xanax.plus,available,15.99,53.99,medium,low,5,namesilo,,,18/09/2026 14:09
de0b12d2-acb6-4deb-b023-ec62879e8e2d,sacking.plus,available,,,medium,low,7,,,,21/09/2026 18:04
41295f1d-8151-47cc-a1fc-444d4fa65329,azote.plus,available,15.99,53.99,medium,low,5,namesilo,,,21/09/2026 11:27
5ca2c729-21ec-4c34-9887-71f0d2b36106,duodenal.plus,available,4.98,72.98,medium,low,8,namecheap,,,14/08/2026 21:21
be4d692e-a0b2-4365-9094-f42f1d23ac08,natives.plus,available,4.98,72.98,medium,low,7,namecheap,,,18/09/2026 01:41
d7060667-cda2-4e97-ae16-7fa4f26f5083,divers.plus,available,21.99,,high,low,6,name.com,,,
59f5f19e-049e-4816-bd05-08c2aaabce27,monkish.plus,available,4.98,72.98,medium,low,7,namecheap,,,25/08/2026 04:53
e1c67e01-ddd5-4a48-afce-65629e32b5df,starlit.plus,available,4.98,72.98,medium,low,7,namecheap,,,10/09/2026 18:56
3fb973ef-dbbe-4166-b15c-ec8f107846b2,pucka.plus,available,4.98,72.98,medium,low,5,namecheap,,,09/09/2026 05:26
ae7c0db4-026c-4af1-bd42-008a96060fbc,forehead.plus,available,21.99,,high,low,8,name.com,,,
bb8ce1fd-8386-43f0-a86c-daa97460c041,garret.plus,available,4.98,72.98,medium,low,6,namecheap,,,07/08/2026 15:51
3e76874f-252c-4217-9677-9b7d1984f25a,sumptuous.plus,available,4.98,72.98,high,low,9,namecheap,,,14/08/2026 01:02
df7e8b43-2eb5-49f0-af25-e4a880b6af1e,pouring.plus,available,4.98,72.98,high,low,7,namecheap,,,20/08/2026 21:01
9dba93fd-6d9d-456c-9d5b-8436a9be8840,experienced.plus,available,21.99,,high,low,11,name.com,,,
766d8e54-b7cc-4d49-bf9a-e5d01653dbdf,dazzling.plus,available,4.98,72.98,high,low,8,namecheap,,,10/08/2026 13:44
b5535a96-583e-485d-8679-3394c0bc9b98,persuade.plus,available,4.34,43.67,high,low,8,spaceship,,,27/09/2026 16:35
11937946-ae05-4d9d-bbbb-9c135aca2b62,watkins.plus,available,15.99,53.99,high,low,7,namesilo,,,25/09/2026 15:58
7fdf0bd9-219c-4710-9522-a7700693f61e,receives.plus,available,15.99,53.99,medium,low,8,namesilo,,,18/09/2026 17:46
7ab74b5b-b868-4083-abb3-0d35cf0aa7be,kanaf.plus,available,15.99,53.99,medium,low,5,namesilo,,,23/09/2026 16:56
cceea609-d1c6-4165-9095-3705cd14ffe0,mauldin.plus,available,4.98,72.98,medium,low,7,namecheap,,,23/09/2026 16:01
919ebc12-1c46-420d-b295-bfea73977973,bridget.plus,available,21.99,,high,low,7,name.com,,,
ea64d0ad-ea2f-4630-b48b-0482a4377c91,notional.plus,available,4.98,72.98,high,low,8,namecheap,,,12/08/2026 20:01
fb085df3-b6f9-478b-a54e-ccd05678cba9,monolithic.plus,available,4.98,72.98,medium,low,10,namecheap,,,24/08/2026 16:43
214cb715-cb2d-4d44-9dbe-6e035d2945ef,applique.plus,available,15.99,53.99,medium,low,8,namesilo,,,19/09/2026 21:57
5a4cfc99-6db0-4575-a921-8302def8351d,sentential.plus,available,4.98,72.98,medium,low,10,namecheap,,,10/09/2026 03:50
cdc674a6-ebb3-4b32-ac0c-57d96caf66c2,asphodel.plus,available,15.99,53.99,medium,low,8,namesilo,,,20/09/2026 15:08
d7e515a6-431c-4a67-912d-3ddf47f86578,cursory.plus,available,4.98,72.98,medium,low,7,namecheap,,,13/08/2026 11:41
2a225a7e-cd0d-4182-8ca4-b07f6d508fe6,coloring.plus,available,4.98,72.98,high,low,8,namecheap,,,12/08/2026 17:31
06e93b31-f42d-438c-9725-48d3054eb96e,invited.plus,available,4.98,72.98,high,low,7,namecheap,,,25/09/2026 11:51
552092a1-f98a-4b15-87d1-ec0253e408cb,sweatshop.plus,available,21.99,,medium,low,10,name.com,,,
9db231ed-8d50-4f24-a258-5965c33e95d1,journalism.plus,available,21.99,,high,low,10,name.com,,,
d9304fca-7736-47e3-858c-14067199d650,pneumatic.plus,available,4.98,72.98,high,low,9,namecheap,,,08/09/2026 22:06
0f8569b7-4c0b-48c3-bd17-8dbde25aa8d0,borrowed.plus,available,15.99,53.99,medium,low,8,namesilo,,,27/09/2026 09:49
6d61af39-ac69-4de7-ab8c-38f7352c57d2,fisheye.plus,available,4.98,72.98,high,low,7,namecheap,,,18/08/2026 05:28
46fb128a-17ce-4505-835d-d85c12cff9dc,concealing.plus,available,4.98,72.98,high,low,10,namecheap,,,12/08/2026 19:52
e0eb49a3-ebc2-4bfc-9162-ca7319278263,ponderable.plus,available,4.98,72.98,medium,low,10,namecheap,,,12/08/2026 15:42
685343be-7623-4f36-8790-daf999a081ca,satan.plus,available,21.99,,high,low,5,name.com,,,
3da38ad5-b114-41d8-8966-780e8e8350b7,spiceberry.plus,available,15.99,53.99,medium,low,10,namesilo,,,20/09/2026 03:12
b1683488-94fc-4bcb-97ee-cd82f1ff8b83,drunkard.plus,available,4.98,72.98,medium,low,8,namecheap,,,14/08/2026 20:21
1dbf2f50-5b7b-426a-a350-9f440dd39a1c,lighting.plus,premium,68.51,68.51,high,low,8,spaceship,,,27/09/2026 14:44
f22b13e0-d131-4e71-b877-1f5172f6e806,childbirth.plus,available,4.98,72.98,high,low,10,namecheap,,,12/08/2026 05:00
0edc071b-0bb8-4d7c-ade5-38aed09d8496,symbolic.plus,available,4.98,72.98,high,low,8,namecheap,,,16/08/2026 09:31
21121698-34ef-4ae9-8653-7ca561bb632c,mantic.plus,available,4.98,72.98,medium,low,6,namecheap,,,14/08/2026 13:48
e25ed0c3-8ae5-420b-9b3b-bcb6c807371d,volcanic.plus,available,4.98,72.98,high,low,8,namecheap,,,13/09/2026 06:48
9b04f569-978c-46b3-994a-73063bd87008,skyway.plus,available,15.99,53.99,high,low,6,namesilo,,,17/09/2026 22:32
78aa0b90-d8a5-41f1-9ad6-67fe5a5cf491,lineal.plus,available,4.98,72.98,medium,low,6,namecheap,,,23/08/2026 14:16
580323c0-d76a-422b-bd18-0869204280fa,assamese.plus,available,4.98,72.98,medium,low,8,namecheap,,,07/08/2026 05:38
8dba959e-0983-4034-b2a7-615878a6d595,pigheaded.plus,available,4.98,72.98,medium,low,9,namecheap,,,11/08/2026 08:32
c10a1933-fcf3-4767-8088-62b302e808f8,celeriac.plus,available,15.99,53.99,medium,low,8,namesilo,,,19/09/2026 17:33
ff9e15fe-8d41-4262-b493-3cb399fcf62f,seaborne.plus,available,4.98,72.98,medium,low,8,namecheap,,,10/09/2026 00:34
2612f8ce-3052-4114-b4be-6eb91cdf477b,aconite.plus,available,15.99,53.99,medium,low,7,namesilo,,,17/09/2026 02:05
858478b8-eacd-4df9-9c48-da136f2ef87c,absolution.plus,available,4.98,72.98,high,low,10,namecheap,,,16/09/2026 17:57
acde100a-87ff-4060-a24d-3e3ed8e3406e,hanukah.plus,available,21.99,,high,low,7,name.com,,,
4f2cd693-edcd-4353-8192-71b421e667c3,sordid.plus,available,4.98,72.98,medium,low,6,namecheap,,,10/09/2026 14:29
c823fffa-1e7a-4daf-8035-adedf692cbfa,cucumber.plus,available,21.99,,high,low,8,name.com,,,
4c52be35-5a9c-40be-beca-d910e22a2b0e,altace.plus,available,15.99,53.99,medium,low,6,namesilo,,,18/09/2026 14:31
13861c80-6f38-46e2-bc45-0c72d2f9bf4d,asterism.plus,available,4.98,72.98,medium,low,8,namecheap,,,20/09/2026 17:12
403d4ab3-8cbd-4604-88e8-ca24f78284d8,cherub.plus,available,15.99,53.99,high,low,6,namesilo,,,24/09/2026 14:18
5aa58966-4656-4ece-b266-be7afbcc5b33,dovish.plus,available,4.98,72.98,medium,low,6,namecheap,,,14/08/2026 17:07
5e6b15a5-c51b-4888-aa9a-42fa33d05bed,unethical.plus,available,4.98,72.98,medium,low,9,namecheap,,,12/09/2026 09:19
86703fdd-be83-43c4-8e6b-8e5a59792642,josiah.plus,available,4.98,72.98,medium,low,6,namecheap,,,27/09/2026 01:34
5f89e2b5-ef5d-408a-aa00-d631bf5c6f95,sabine.plus,available,4.98,72.98,high,medium,6,namecheap,,,09/09/2026 20:34
628832fa-2401-4944-abb1-268a400e9071,inundated.plus,available,4.98,72.98,medium,low,9,namecheap,,,08/08/2026 00:29
ea10ed08-1fdd-4a43-a805-681f281eeb2a,baum.plus,available,4.98,72.98,high,low,4,namecheap,,,22/09/2026 16:38
e17cd921-2cd0-4dd5-bf47-088a13a7b263,genially.plus,available,4.98,72.98,medium,low,8,namecheap,,,13/09/2026 17:52
ac26ae79-ba7d-458b-932b-c4f9d6c16b75,inwards.plus,available,4.98,72.98,high,low,7,namecheap,,,21/08/2026 23:32
cfbce63b-7bc2-4786-8b1e-4fff91756c30,bookshop.plus,available,4.98,72.98,high,low,8,namecheap,,,24/09/2026 07:16
26168d8d-179c-4c02-abdc-69b837c76f1e,advertizer.plus,available,4.98,72.98,medium,low,10,namecheap,,,17/09/2026 08:39
8f38bfc7-c9f7-4cc0-baf0-bc1973e391c8,duly.plus,available,4.98,72.98,medium,low,4,namecheap,,,14/09/2026 14:47
11fbfbf6-ba7c-43fe-9774-8188ab025b65,accoutered.plus,available,4.98,72.98,medium,low,10,namecheap,,,
b613f7d2-27c5-4b97-a1d2-8ca05933aac9,cinema.plus,resell,,,high,low,6,"DNSPod, Inc.",10/07/2015 01:33,10/07/2027 01:33,28/09/2026 05:06
d83b9211-5755-41fe-bfbc-b9b14f8aedc3,undefeated.plus,available,4.98,72.98,high,low,10,namecheap,,,12/09/2026 07:12
d3c4b1fd-c18c-402d-937e-0f933c60ef17,victories.plus,available,4.98,72.98,medium,low,9,namecheap,,,18/09/2026 09:23
5a7c4b8b-b4a1-41fe-b479-58eff589228f,parented.plus,available,4.98,72.98,high,low,8,namecheap,,,08/09/2026 01:16
1daf1579-34d5-47c9-b19b-b7ef8ee1cfe5,strontium.plus,available,15.99,53.99,medium,low,9,namesilo,,,20/09/2026 22:59
a3962cb3-a4dc-462c-a1f2-a4e7942587fc,site.plus,resell,,,high,medium,4,Alibaba Cloud Computing Ltd. d/b/a HiChina (www.net.cn),21/09/2020 13:05,21/09/2029 13:05,26/09/2026 09:03
80bea4f1-6c8e-4175-92b3-b60b136c64c9,pledge.plus,available,4.34,43.67,high,low,6,spaceship,,,27/09/2026 15:17
a9ff2846-7d69-4bb0-8032-dc048de72340,alarmist.plus,available,15.99,53.99,medium,low,8,namesilo,,,18/09/2026 01:59
4f3997fd-4827-4c13-ac00-dd96d84f5ffa,eolian.plus,available,4.98,72.98,medium,low,6,namecheap,,,
485760be-8801-45ac-8636-91cc7fbf7940,bubbly.plus,available,4.98,72.98,high,low,6,namecheap,,,11/08/2026 07:16
bbad3144-f32f-4d5a-a2ef-9a52f50e4483,quiescent.plus,available,4.98,72.98,medium,low,9,namecheap,,,09/09/2026 08:47
0147c3c6-6fa6-40d9-a0f6-54dea2333945,differences.plus,available,15.99,53.99,medium,low,11,namesilo,,,17/09/2026 14:00
f6e9cbe5-98ff-4455-bf0c-5e62f76377e7,unclipped.plus,available,4.98,72.98,medium,low,9,namecheap,,,12/09/2026 05:25
34f18941-88e1-4cc7-b90c-e1f9a03bb970,alinement.plus,available,15.99,53.99,high,low,9,namesilo,,,18/09/2026 07:48
f4f5666a-9f2c-4982-8667-1c139bb5d0b9,apogean.plus,available,4.98,72.98,medium,low,7,namecheap,,,06/08/2026 01:57
f002373d-eab6-411b-b64d-a2d69d51a079,eliot.plus,available,4.98,72.98,high,low,5,namecheap,,,25/09/2026 05:27
b5d90a0e-6999-4ef8-b6b9-e582dc25adf2,richelieu.plus,available,4.98,72.98,medium,low,9,namecheap,,,20/09/2026 06:31
b0d0d614-b81d-4936-9564-a6a365aaa2e5,jolted.plus,available,4.98,72.98,medium,low,6,namecheap,,,22/08/2026 13:55
ff733a2f-fadf-4c28-85dd-6c689eca183f,worthful.plus,available,4.98,72.98,high,low,8,namecheap,,,13/09/2026 13:26
ca3f9008-0756-488b-8107-a4271885af34,galveston.plus,available,15.99,53.99,medium,low,9,namesilo,,,27/09/2026 04:07
64a12a7a-83d5-4866-a123-6de172b05073,kit.plus,resell,,,high,low,3,"DNSPod, Inc.",07/06/2017 14:32,07/06/2027 14:32,26/09/2026 07:06
5bf3db96-8a51-468e-8d84-de186925f5e9,unrivalled.plus,available,4.98,72.98,high,low,10,namecheap,,,24/08/2026 17:08
4416257a-4ece-4786-a490-38cd4f8786b7,attempts.plus,available,4.98,72.98,medium,low,8,namecheap,,,18/09/2026 16:41
c293cca6-6e43-4aa2-bb08-94953d3f9f83,blocked.plus,available,15.99,53.99,high,low,7,namesilo,,,22/09/2026 22:08
5d6a7029-a4fe-4b79-9d42-adfc8799cb33,justices.plus,available,4.98,72.98,medium,low,8,namecheap,,,20/09/2026 11:20
ebd1bf3c-f17e-4b86-81b0-446360f654d8,egyptian.plus,available,4.98,72.98,high,low,8,namecheap,,,15/08/2026 19:52
91f81966-2c5c-4705-8c28-3dd858026e76,constitution.plus,available,4.34,43.67,high,low,12,spaceship,,,27/09/2026 16:44
7a5c2c7e-4e6e-4f9e-bdc5-34cb6fafcd28,fenestral.plus,available,4.98,72.98,medium,low,9,namecheap,,,18/08/2026 01:09
1e3d14ce-4fcd-4e56-977a-a16c253b9995,nuthin.plus,available,21.99,,medium,low,6,name.com,,,
35f57bef-1083-4d57-8686-9e8dbaebf540,nevus.plus,available,4.98,72.98,medium,low,5,namecheap,,,23/09/2026 21:15
47f86894-bed4-43cc-b99d-e60dac87b9d3,busted.plus,available,15.99,53.99,medium,low,6,namesilo,,,23/09/2026 12:06
759f107d-1a56-4158-ab2f-a6d4664e7760,baldric.plus,available,15.99,53.99,medium,low,7,namesilo,,,21/09/2026 21:45
197a0271-8c41-4167-95db-1947bd118724,robbed.plus,available,15.99,53.99,low,low,6,namesilo,,,27/09/2026 02:44
86d2e23b-6c3b-4e8e-abf3-43a2181a638c,sunburn.plus,available,4.98,72.98,high,low,7,namecheap,,,11/09/2026 07:53
bf02adea-f520-47d3-a10e-624b914871cb,locking.plus,available,15.99,53.99,high,low,7,namesilo,,,28/09/2026 06:12
2817743e-58d0-4c8f-bde9-a673911389e2,brickly.plus,available,4.98,72.98,medium,low,7,namecheap,,,11/08/2026 03:51
313bbdf3-c959-4e1e-b732-c4ca0454f274,carousing.plus,available,4.98,72.98,medium,low,9,namecheap,,,08/08/2026 04:24
178d6b36-62b7-42ce-8b0b-defc0fd5b18b,upland.plus,available,4.98,72.98,medium,low,6,namecheap,,,21/08/2026 09:14
32d9619d-eaa0-4d6b-a21b-d7c261757e47,navarro.plus,available,4.34,43.67,medium,low,7,spaceship,,,28/09/2026 08:00
d3bf4317-7214-4e2e-a031-3403bd69cd74,queasy.plus,available,4.98,72.98,medium,low,6,namecheap,,,24/08/2026 08:26
22e997ba-2ba4-42c6-b2b6-de6ff2a062ee,andrei.plus,available,9.85,45.16,high,low,6,dynadot,,,28/09/2026 04:07
add9f3c5-9391-43de-8ac3-8ea6d3ed9dd5,esfahan.plus,available,15.99,53.99,medium,low,7,namesilo,,,20/09/2026 14:33
8f24cb9d-6eba-45c0-af5f-ea53df163bf4,gilbert.plus,available,4.98,72.98,high,low,7,namecheap,,,18/08/2026 23:22
d5f012a7-bde5-4362-ab1b-d3cf08d4fc4c,wrenching.plus,available,4.98,72.98,medium,low,9,namecheap,,,09/09/2026 09:27
48089a38-d6c2-4dc0-a0c7-e81986b664f0,discrete.plus,available,4.98,72.98,high,low,8,namecheap,,,14/08/2026 10:02
33bd6b4a-27d7-449b-a2a6-e79f1e681049,aerology.plus,available,15.99,53.99,medium,low,8,namesilo,,,17/09/2026 13:08
ec0481dd-e591-41e9-a0ba-9645da9de010,flightless.plus,available,4.98,72.98,medium,low,10,namecheap,,,18/08/2026 08:09
1d886dbd-096d-4783-9a3a-8dc40014fa94,antum.plus,available,15.99,53.99,medium,low,5,namesilo,,,19/09/2026 15:47
97c64fd2-7b33-4e69-a99f-401cdb813dea,barkley.plus,available,4.98,72.98,high,low,7,namecheap,,,18/09/2026 02:32
112c24dc-22c3-4f14-ad97-b259d9592df5,barrage.plus,available,15.99,53.99,medium,low,7,namesilo,,,22/09/2026 07:57
8b72811e-8676-4a12-98af-bfcdf4338972,tellurium.plus,available,4.98,72.98,medium,low,9,namecheap,,,20/09/2026 23:13
5503d153-c193-4cbb-ad66-7b353a9e64c4,berkelium.plus,available,15.99,53.99,medium,low,9,namesilo,,,21/09/2026 00:14
90b62737-b5fe-41ba-a2b1-0ebda7999dd3,alcibiades.plus,available,15.99,53.99,medium,low,10,namesilo,,,18/09/2026 04:00
a20cc082-b757-4b73-955b-239b9fe1d8da,splendid.plus,available,4.98,72.98,high,low,8,namecheap,,,17/08/2026 16:04
52b0760b-5704-4cfa-aae5-fcebafc52955,avoiding.plus,available,42.2,42.2,high,low,8,cloudflare,,,28/09/2026 03:32
42728bdb-6586-41db-ab31-f7b300e781cd,albedo.plus,available,15.99,53.99,high,low,6,namesilo,,,18/09/2026 02:30
c0faf3f9-01df-4026-af0e-fe599e3f09c8,answerer.plus,available,4.98,72.98,medium,low,8,namecheap,,,19/09/2026 12:14
a43900c9-1704-4898-8d55-b40a0e555ffd,geological.plus,available,4.98,72.98,high,low,10,namecheap,,,18/08/2026 22:28
d708fa79-50b8-4cce-a6e8-7b62b8075457,timestamps.plus,available,15.99,53.99,medium,low,10,namesilo,,,20/09/2026 14:31
58c2356b-464f-4445-8fe7-2b4a1807f61a,excision.plus,available,15.99,53.99,medium,low,8,namesilo,,,16/09/2026 16:06
cb4ac7ec-dcc5-441e-a185-383a7dba6e64,apprehend.plus,available,15.99,53.99,high,low,9,namesilo,,,20/09/2026 09:02
e884cf8e-f6da-4e3f-bdc6-b28e5926b457,benedict.plus,available,15.99,53.99,high,low,8,namesilo,,,23/09/2026 07:52
c8444a2c-5c92-47bc-9c4b-fef2e6420a4f,slighting.plus,available,4.98,72.98,medium,low,9,namecheap,,,09/08/2026 13:15
a0ae6f17-56e1-4ace-b473-937ae780827d,disabled.plus,available,15.99,53.99,high,low,8,namesilo,,,24/09/2026 10:55
cd85d055-abfe-42e5-8092-8c0619ead3e4,adulteress.plus,available,15.99,53.99,medium,low,10,namesilo,,,17/09/2026 10:20
1763ec5b-0cb5-4f86-8715-ecadc9608b54,banking.plus,resell,,,high,low,7,"DNSPod, Inc.",02/10/2018 06:41,02/10/2027 06:41,26/09/2026 04:15
81332ecd-4d78-4a3a-98e7-1cb1f0a19cae,woven.plus,available,21.99,,high,low,5,name.com,,,
a424fe62-b887-4767-8ab1-b75d42020a33,documentary.plus,available,15.99,53.99,high,low,11,namesilo,,,28/09/2026 04:30
e25607d0-c63a-4ace-93c1-c8e85f64135d,parishes.plus,available,15.99,53.99,medium,low,8,namesilo,,,18/09/2026 08:08
23b48715-0705-4d92-ab87-76b847985fec,alosa.plus,available,15.99,53.99,medium,low,5,namesilo,,,18/09/2026 13:26
85c52806-f17f-431b-bc55-7a2990490343,pert.plus,available,4.98,72.98,medium,low,4,namecheap,,,21/08/2026 22:15
252a8017-dd08-4320-84e9-75886a636186,tyrant.plus,available,15.99,53.99,medium,low,6,namesilo,,,21/09/2026 06:08
9766ce71-f451-4f03-a2ed-d8ee767962f1,wimp.plus,available,4.98,72.98,medium,low,4,namecheap,,,24/09/2026 19:54
cfbd93cb-4179-4320-a0f0-eb35046f1c70,eggs.plus,resell,,,high,low,4,Porkbun LLC,21/12/2025 01:18,21/12/2026 01:18,26/09/2026 05:46
b24205d2-bc9d-4565-8d3d-ab7f54d59d36,auntie.plus,available,4.98,72.98,high,low,6,namecheap,,,21/09/2026 04:11
81633322-d310-4c12-a044-e46681cca243,smoking.plus,available,15.99,53.99,high,low,7,namesilo,,,27/09/2026 23:20
163c02cd-258a-4411-9e43-5ae639f33958,gidgee.plus,available,4.98,72.98,medium,low,6,namecheap,,,16/09/2026 20:01
12912f20-cbf2-4b08-9f5f-e15c871dad39,usual.plus,available,21.99,,high,low,5,name.com,,,
423ea48c-7157-4c8b-adb1-12155953e16f,amber.plus,resell,,,high,low,5,"Sav.com, LLC - 27",09/07/2026 15:15,09/07/2027 15:15,26/09/2026 03:50
b02b71f8-38cf-4c7b-bc2e-1db78bf5db3c,hallowed.plus,available,4.98,72.98,high,low,8,namecheap,,,20/08/2026 22:52
d59f642e-5bce-43f6-b10d-46a3f7f45cf4,bahaism.plus,available,4.98,72.98,medium,low,7,namecheap,,,21/09/2026 18:33
44cbed36-cd84-4ca0-8ba6-4f7a7a213d3f,purple.plus,resell,,,high,medium,6,"DNSPod, Inc.",21/10/2023 15:15,21/10/2030 15:15,26/09/2026 08:25
6617d417-136a-4ebd-b699-b9e16cf05240,aortic.plus,available,4.98,72.98,medium,low,6,namecheap,,,05/08/2026 21:54
154f4123-fb44-444c-9bd9-53a1c93a8fb7,cough.plus,available,4.98,72.98,high,low,5,namecheap,,,24/09/2026 18:37
ced956ac-cbfe-4e52-b114-0e1dfbaff4c8,astound.plus,available,21.99,,high,low,7,name.com,,,
1cf6fd9b-1e39-4ce7-bcbc-f27a2c1b199e,guarded.plus,resell,,,high,low,7,"Spaceship, Inc.",19/11/2025 21:36,19/11/2026 21:36,26/09/2026 06:31
78967e52-c431-4b13-856d-9d06b27090f0,bragg.plus,available,15.99,53.99,medium,low,5,namesilo,,,25/09/2026 21:58
59c310d1-8da4-44f2-8c71-6d96b4882db6,fearfully.plus,available,4.98,72.98,medium,low,9,namecheap,,,14/09/2026 18:04
a521bf09-0abe-4107-b81b-0fb11ff33bb7,satirical.plus,available,4.98,72.98,medium,low,9,namecheap,,,09/09/2026 21:49
dfa13ed5-482f-4780-abaa-b518687e1b7d,butch.plus,available,4.98,72.98,medium,low,5,namecheap,,,11/08/2026 11:29
dc1be3bf-1ec2-4506-8eb9-c26e9a7fee9f,retardant.plus,available,21.99,,medium,low,9,name.com,,,
b0015d38-c46d-40b6-b826-1c95a67be94e,drycleaning.plus,available,15.99,53.99,high,low,11,namesilo,,,21/09/2026 04:39
a50318e6-d812-43d0-b26e-8c6fde2d2034,bumpkin.plus,available,4.98,72.98,medium,low,7,namecheap,,,21/08/2026 08:07
0366a6aa-2075-4ef5-a828-f6548b3bf113,legalize.plus,available,4.98,72.98,high,low,8,namecheap,,,22/08/2026 23:05
086a987a-9b5f-4ed0-a6ea-3b9b512f5fa3,influent.plus,available,4.98,72.98,high,low,8,namecheap,,,22/08/2026 04:36
0e34152a-93f3-4fa7-925a-a4ed612949fc,version.plus,resell,,,high,low,7,"Chengdu West Dimension Digital Technology Co., Ltd.",13/09/2022 13:15,13/09/2027 13:15,26/09/2026 09:58
a2c5a987-be28-4074-a3c6-969b267043c6,crusty.plus,available,4.98,72.98,medium,low,6,namecheap,,,13/08/2026 09:26
d195b015-eb93-4504-968b-ac668f534a2c,dialectal.plus,available,4.98,72.98,medium,low,9,namecheap,,,14/08/2026 05:48
da1338d7-9311-44ab-8dfa-a44beb847256,trig.plus,available,4.98,72.98,high,low,4,namecheap,,,12/08/2026 10:13
45eabe8c-d46f-4b01-88fb-47b7ab47ad67,clxx.plus,available,,,medium,low,4,,,,
09e2eb21-1c0f-4e0c-bcb7-6d9096d57910,lois.plus,available,15.99,53.99,medium,low,4,namesilo,,,25/09/2026 15:30
c79af80a-c714-4b6c-9a45-9bdf443b139d,gratuity.plus,available,15.99,53.99,high,low,8,namesilo,,,21/09/2026 15:50
56ef5eb3-de96-4c33-b6f7-e9c8c3d8fc9a,flecked.plus,available,4.98,72.98,medium,low,7,namecheap,,,14/08/2026 16:30
da337da1-4ea8-4231-af80-93efa286f895,crownless.plus,available,4.98,72.98,medium,low,9,namecheap,,,13/08/2026 08:38
b8884c5a-c6a4-432c-9b5e-2c3958307252,rebecca.plus,available,4.98,72.98,high,low,7,namecheap,,,25/09/2026 10:16
224ae049-7af7-416f-a912-15333916dd35,uncommon.plus,available,4.98,72.98,high,low,8,namecheap,,,12/09/2026 05:57
b550b3e7-6d43-4108-aaff-c9effd8d80c1,algebraic.plus,available,4.98,72.98,medium,low,9,namecheap,,,
7624110c-bf27-4492-9030-b487c65f581f,downtime.plus,available,15.99,53.99,high,low,8,namesilo,,,24/09/2026 23:41
a6e189a8-720d-4b74-b5cb-f203ed33c052,defining.plus,available,4.98,72.98,high,low,8,namecheap,,,10/09/2026 06:00
6569262f-3417-44d4-85dc-25633004cea7,statements.plus,available,42.2,42.2,medium,low,10,cloudflare,,,28/09/2026 08:23
8ed65dd3-5ccd-4983-84f2-831d26c049e7,uncanny.plus,available,4.98,72.98,high,low,7,namecheap,,,16/08/2026 02:23
ff917a16-3bcc-43bf-94c4-a2f899324d26,nor.plus,available,21.99,,high,low,3,name.com,,,
da550485-9a46-4635-9b8b-0211bdc0467d,ammonium.plus,available,15.99,53.99,high,low,8,namesilo,,,18/09/2026 22:10
98e38776-b2ff-405d-8ef5-36eda4c696dd,covalent.plus,available,4.98,72.98,high,low,8,namecheap,,,13/08/2026 04:03
056e7b92-89b9-4972-b988-34d6bb6a2e7c,dreamless.plus,available,4.98,72.98,medium,low,9,namecheap,,,14/08/2026 18:43
009a4079-cff3-4810-97d5-7dac9dbf4699,rimy.plus,available,4.98,72.98,medium,low,4,namecheap,,,09/09/2026 17:41
e0997914-9892-40f1-b021-2b46f40eba5a,unshackled.plus,available,4.98,72.98,medium,low,10,namecheap,,,12/09/2026 04:58
90ae3242-937e-4e26-8a4d-57d5e09b515e,anguis.plus,available,15.99,53.99,medium,low,6,namesilo,,,19/09/2026 07:34
5cd84ff5-27c1-4984-8335-41d3130e2331,fellowing.plus,available,4.98,72.98,medium,low,9,namecheap,,,20/09/2026 20:26
3606aaf4-c76d-42d9-afb4-d0e6998d3475,indefinite.plus,available,15.99,53.99,high,low,10,namesilo,,,25/09/2026 09:08
b6fc79f8-aa4f-4975-ae54-5f0a7b689000,serrated.plus,available,4.98,72.98,medium,low,8,namecheap,,,03/09/2026 22:08
682ee87a-c3f0-4be3-82e8-b80f69c59ade,mad.plus,resell,,,high,medium,3,"DNSPod, Inc.",20/02/2024 15:15,20/02/2027 15:15,26/09/2026 07:22
20002c6a-d5d3-470f-b2e2-a11c2b7709eb,boneless.plus,available,4.98,72.98,medium,low,8,namecheap,,,10/08/2026 18:38
f0392f19-ac52-4b2b-b9b6-1d925961ca1d,diffuse.plus,available,4.98,72.98,high,low,7,namecheap,,,14/08/2026 07:02
381a6e21-437c-48ae-9d4a-4b9294475870,bacchanal.plus,available,4.98,72.98,high,low,9,namecheap,,,08/08/2026 04:14
aac24fdf-22c3-4104-811c-97add6458071,bayonne.plus,available,4.98,72.98,medium,low,7,namecheap,,,22/09/2026 18:07
2c3200e6-c80a-48fa-a66a-f261a5c414e5,butterball.plus,available,4.98,72.98,medium,low,10,namecheap,,,17/08/2026 23:59
72feaebc-67fa-4714-aec3-f4de6699b3cb,acris.plus,available,15.99,53.99,medium,low,5,namesilo,,,17/09/2026 03:16
18045a95-cf1d-494c-9509-0e6b36a5e6c0,stodgy.plus,available,4.98,72.98,medium,low,6,namecheap,,,18/08/2026 10:04
476864c2-142c-4e83-8431-752fda1fb36d,phases.plus,available,15.99,53.99,medium,low,6,namesilo,,,18/09/2026 14:38
6ce05473-9074-44c1-a011-582ae54bfc89,distract.plus,available,21.99,,high,low,8,name.com,,,
27252421-f62d-4d8c-8654-8430d58518d8,heather.plus,available,9.85,45.16,high,low,7,dynadot,,,28/09/2026 05:22
c6c38ba5-bad3-406c-9c96-8ceb94238198,armillaria.plus,available,4.98,72.98,medium,low,10,namecheap,,,20/09/2026 07:07
9cc64352-fa8c-4bcd-b5e8-be9429421eb6,fragmented.plus,available,4.98,72.98,medium,low,10,namecheap,,,14/08/2026 13:27
eacb5b26-4cec-481c-a0da-e6ae2ef92c9f,boondocks.plus,available,15.99,53.99,medium,low,9,namesilo,,,21/09/2026 14:32
27f108f8-faeb-4d5a-bed2-0c8a941cac90,barracuda.plus,available,15.99,53.99,high,low,9,namesilo,,,22/09/2026 07:54
b1149d87-4759-4787-b92b-84652ea4d6eb,humboldt.plus,available,4.98,72.98,high,low,8,namecheap,,,22/09/2026 07:04
f831f1b7-5a17-4d9d-b518-7c637f00bf1e,inviolable.plus,available,4.98,72.98,medium,low,10,namecheap,,,21/08/2026 23:02
db720de3-b90f-4041-94df-b3e87c554036,adze.plus,available,15.99,53.99,medium,low,4,namesilo,,,17/09/2026 12:02
5ef9f93e-6d76-4d7f-b780-35efcdd5f050,sapid.plus,available,4.98,72.98,medium,low,5,namecheap,,,18/08/2026 07:14
e1dde838-f4ed-4074-9ed8-2534dd0e1888,poisoning.plus,available,21.99,,medium,low,9,name.com,,,
33e905bb-3309-4f60-ad67-301eda667fea,ecological.plus,available,4.98,72.98,high,low,10,namecheap,,,22/09/2026 21:01
a4ba4fb8-1a92-4e33-948e-8428ad01be55,unattached.plus,available,4.98,72.98,medium,low,10,namecheap,,,18/08/2026 14:48
bdf192c2-37fe-4b87-997a-a977caf53eed,firm.plus,resell,,,high,low,4,"DNSPod, Inc.",19/04/2024 15:15,19/04/2027 15:15,28/09/2026 03:17
bfd1a5c4-901a-43f4-af89-fe22949a1be5,saddam.plus,available,4.98,72.98,medium,low,6,namecheap,,,25/09/2026 23:11
1f653be7-d8fc-4aba-9057-aed44f0c7491,punky.plus,available,15.99,53.99,medium,low,5,namesilo,,,23/09/2026 22:32
f6283447-2962-4bb4-b0fc-cc280df0dd60,daydreams.plus,available,4.98,72.98,medium,low,9,namecheap,,,19/09/2026 21:17
5cd80f78-82ba-499a-bb47-1c8b4aeaf9b0,aided.plus,available,15.99,53.99,high,low,5,namesilo,,,19/09/2026 12:43
b088798c-4558-4e35-9ae5-befc71093dbb,memorably.plus,available,4.98,72.98,medium,low,9,namecheap,,,15/09/2026 14:01
7c886c5f-7287-4707-8dbc-2dc5ae1a9ce4,convivial.plus,available,4.98,72.98,high,low,9,namecheap,,,12/08/2026 23:53
d4ddb17e-732c-4d6f-88ea-996ab37946f2,gabble.plus,available,15.99,53.99,medium,low,6,namesilo,,,23/09/2026 23:37
4e30215b-2746-4f69-9ef2-84f44b4125dc,lewis.plus,available,15.99,53.99,high,low,5,namesilo,,,25/09/2026 03:55
df29c848-ade3-43cf-bfe8-1eef834732a5,semisolid.plus,available,4.98,72.98,medium,low,9,namecheap,,,10/09/2026 03:26
55502966-7bf3-4023-9649-ab09878bed84,ricardo.plus,available,15.99,53.99,high,low,7,namesilo,,,25/09/2026 04:47
db51bfd1-756e-443c-96ee-f5230ae0f0ad,closest.plus,available,21.99,,high,low,7,name.com,,,
afeab31a-8569-42c5-8421-b1837c17b257,absorption.plus,available,4.98,72.98,high,low,10,namecheap,,,16/09/2026 18:19
2286db23-00f4-4758-bde4-f8fadfa7fa9d,guttural.plus,available,4.98,72.98,medium,low,8,namecheap,,,13/08/2026 07:31
bf5371a7-40eb-4140-abb1-4db270c43fb8,subscript.plus,available,4.98,72.98,high,low,9,namecheap,,,11/09/2026 00:43
a5f9484b-a0bd-4461-b769-04e811b7ff15,floor.plus,resell,,,high,low,5,"DNSPod, Inc.",06/08/2021 11:51,06/08/2027 11:51,26/09/2026 06:08
e7c78bbf-0f2f-4f06-b5f6-e05967b531f0,brooks.plus,available,15.99,53.99,high,low,6,namesilo,,,24/09/2026 10:47
0aeb3bab-48ad-46fb-9747-fa9e7c7ddf33,baggage.plus,available,21.99,,high,low,7,name.com,,,
383cd397-c058-44d7-8cf0-05b01010b52a,cheyenne.plus,available,4.98,72.98,high,low,8,namecheap,,,24/09/2026 12:34
ff5be2a6-dab2-402a-bb33-5b495b2b2270,periodic.plus,available,4.98,72.98,medium,low,8,namecheap,,,08/09/2026 17:11
b810fffb-c9bd-4432-8315-035c6a3f6984,marty.plus,available,15.99,53.99,high,low,5,namesilo,,,25/09/2026 15:43
801fd15d-ec45-4038-bfd6-51f48a204c0f,parity.plus,resell,,,high,low,6,"Spaceship, Inc.",19/06/2026 19:57,19/06/2027 19:57,26/09/2026 08:02
a0c6da02-1264-4b79-a959-6292ac604489,moustaches.plus,available,15.99,53.99,medium,low,10,namesilo,,,20/09/2026 09:53
b23382fe-8639-4b6b-aa43-f4a8210bccea,painkiller.plus,available,4.98,72.98,medium,low,10,namecheap,,,
f9b652e1-d491-436e-b8e5-caeaa3e6fb51,beaked.plus,available,4.98,72.98,medium,low,6,namecheap,,,09/08/2026 03:50
fa85ba5d-d1cd-42e1-95ee-b584fcd0f927,superheroes.plus,available,15.99,53.99,medium,low,11,namesilo,,,21/09/2026 05:42
b9b42bea-d293-4c86-8e29-a1778d50e9cc,blate.plus,available,4.98,72.98,medium,low,5,namecheap,,,10/08/2026 13:35
15646524-7b04-4f0d-abdb-86c00758d0c2,practitioners.plus,available,4.98,72.98,medium,low,13,namecheap,,,20/09/2026 23:01
18071e61-1495-4eac-b88f-cb563eb2cded,ableism.plus,available,15.99,53.99,medium,low,7,namesilo,,,16/09/2026 16:10
ed5d0f04-3c56-4b72-b053-8ad72cc30354,ennead.plus,available,4.98,72.98,medium,low,6,namecheap,,,
963be507-6378-4184-aa52-c2fc50faaa74,botticelli.plus,available,15.99,53.99,high,low,10,namesilo,,,18/09/2026 05:31
fc54c6a9-e63a-4551-9861-926922527009,moorish.plus,available,4.98,72.98,high,low,7,namecheap,,,25/08/2026 05:59
229e14ce-8226-401b-af93-528392cc9ae2,smaller.plus,available,4.98,72.98,high,low,7,namecheap,,,25/09/2026 14:03
91efe0e6-d8d8-4675-863d-fff0f6982c50,bulletin.plus,available,4.98,72.98,high,low,8,namecheap,,,24/09/2026 11:08
9888f76a-7b5e-403d-a84e-13cb4d6937a8,fourteenth.plus,available,,,high,low,10,,,,
66515d75-6a79-48f7-8ad6-2c6833df0fc3,loose.plus,available,15.99,53.99,medium,low,5,namesilo,,,22/09/2026 10:42
75247c7f-dbf9-431f-900b-1c695a299ee2,sorely.plus,available,15.99,53.99,medium,low,6,namesilo,,,16/09/2026 05:13
57a88b71-3951-4b4d-9b9d-1595a0bbfcc6,disarming.plus,available,4.98,72.98,high,low,9,namecheap,,,14/08/2026 09:30
3d152403-526b-485b-8a96-8e61488f0a54,sauciness.plus,available,15.99,53.99,medium,low,9,namesilo,,,20/09/2026 02:25
f62b645c-ec19-43bf-89ee-40175b908601,pendulous.plus,available,4.98,72.98,medium,low,9,namecheap,,,12/08/2026 00:50
419c284b-b6af-4edf-9664-7443b010d14d,bartender.plus,available,15.99,53.99,high,low,9,namesilo,,,22/09/2026 06:18
724b052a-a7d1-40ee-8005-03384ab5d8e6,beetle.plus,available,4.98,72.98,high,low,6,namecheap,,,09/08/2026 08:17
6790f869-403e-4dea-8685-bc2a7141fd44,budgetary.plus,available,4.98,72.98,medium,low,9,namecheap,,,11/08/2026 07:46
b276f4de-4387-4604-8895-499d6d565a3b,folksy.plus,available,4.98,72.98,medium,low,6,namecheap,,,13/08/2026 04:22
354c99e6-5bea-47fa-af7c-ce2c946adaad,immoderate.plus,available,4.98,72.98,medium,low,10,namecheap,,,21/08/2026 21:07
3da2904e-c97e-42a8-8f2f-bf1009fd78ad,tauten.plus,available,4.98,72.98,medium,low,6,namecheap,,,18/08/2026 05:16
ba011e56-8656-470d-906b-de1b6501a40b,nostril.plus,available,15.99,53.99,high,low,7,namesilo,,,19/09/2026 12:54
8b18ee49-d395-4fc3-80fe-0ee8280b1f65,fortunate.plus,available,4.98,72.98,high,low,9,namecheap,,,18/08/2026 12:47
a77dd3ca-5579-428c-b285-716d63780136,unbroken.plus,available,4.98,72.98,high,low,8,namecheap,,,22/08/2026 15:36
e8d72f21-9942-41c1-98d8-3f296590f328,verbs.plus,available,21.99,,medium,low,5,name.com,,,
d0955b64-e86b-466f-875f-ee17cf2c3010,waitress.plus,available,15.99,53.99,high,low,8,namesilo,,,27/09/2026 16:14
cc29d84b-5854-403a-bc4b-09ef5e5c0717,measles.plus,available,21.99,,medium,low,7,name.com,,,
0c37a983-31ef-4a53-aa7b-acd6fb697592,agapornis.plus,available,15.99,53.99,medium,low,9,namesilo,,,17/09/2026 16:13
c283d8d7-eeca-4b37-8c42-4c8133e96afa,tyson.plus,available,15.99,53.99,high,low,5,namesilo,,,25/09/2026 23:42
3c2400dd-9cbd-4714-8da7-6278f3ce066d,doings.plus,available,15.99,53.99,medium,low,6,namesilo,,,23/09/2026 03:17
fdd01c5d-e54c-4e33-9d12-44459f5f0f9f,trend.plus,resell,,,high,low,5,"DNSPod, Inc.",05/06/2017 05:41,05/06/2027 05:41,27/09/2026 20:56
634ae7a5-2dd8-4261-ad40-965a2ebcad6d,arthropod.plus,available,4.98,72.98,medium,low,9,namecheap,,,20/09/2026 10:41
fb212d8a-b04c-4cbc-a3b5-86bf9fe12dfe,nne.plus,available,4.98,72.98,high,low,3,namecheap,,,15/09/2026 16:50
5608a29c-dc24-4984-b895-1d07fdd2bdef,bullets.plus,available,4.98,72.98,high,low,7,namecheap,,,25/09/2026 19:55
c58a2e5c-1696-4381-925d-518d5272a2f1,serrate.plus,available,4.98,72.98,medium,low,7,namecheap,,,03/09/2026 22:06
83ec17f2-7a51-4a60-8f9e-d84c9b692cd2,crook.plus,available,4.98,72.98,medium,low,5,namecheap,,,13/08/2026 06:27
1db129bf-9062-4a5b-a033-a75e9bc7a71c,chordal.plus,available,4.98,72.98,medium,low,7,namecheap,,,12/08/2026 07:06
5d883c1b-fa0c-465d-a7e3-24b045363639,scoffing.plus,available,4.98,72.98,medium,low,8,namecheap,,,22/08/2026 12:43
ba0cd795-c7e0-4bf0-872d-1adc8a0048a5,comfort.plus,resell,,,high,low,7,"DNSPod, Inc.",02/02/2019 23:21,02/02/2027 23:21,26/09/2026 05:08
5d407e6f-19d9-486d-bfbd-93aaf3c425a2,gritty.plus,available,4.98,72.98,medium,low,6,namecheap,,,12/08/2026 14:03
040cf102-1951-4a7e-beb1-421588d4988c,grooved.plus,available,4.98,72.98,medium,low,7,namecheap,,,20/08/2026 20:17
be06339f-2cd9-488d-a9cb-e4f7dec731ba,veracious.plus,available,4.98,72.98,medium,low,9,namecheap,,,13/09/2026 02:19
c721954f-8f5d-483a-9595-25a421e34dbc,rigorous.plus,available,15.99,53.99,high,low,8,namesilo,,,27/09/2026 15:20
5a62efe4-fc62-4782-ae3d-ed68c23f6f62,leaded.plus,available,4.98,72.98,medium,low,6,namecheap,,,22/08/2026 21:42
403284a5-7fed-494b-93bd-6e1e94124302,vermillion.plus,available,4.98,72.98,medium,low,10,namecheap,,,12/08/2026 05:47
922cd64b-9dfd-48a3-b24f-31a875e662fb,agricola.plus,available,4.98,72.98,high,low,8,namecheap,,,17/09/2026 19:19
bcc364f1-5266-4018-91eb-ec7ad69e546d,appetency.plus,available,15.99,53.99,medium,low,9,namesilo,,,19/09/2026 20:43
7f97320f-7b14-44ba-8f8f-f13708b7e97c,apnea.plus,available,4.98,72.98,medium,low,5,namecheap,,,19/09/2026 18:04
f47f39b4-6fbe-4b7f-babc-d048950ed53c,ballplayer.plus,available,4.98,72.98,high,low,11,namecheap,,,21/09/2026 23:25
49f0523c-5c20-411f-9357-575bd18410aa,monotony.plus,available,4.98,72.98,medium,low,8,namecheap,,,21/08/2026 15:10
07aeda99-2847-4dd6-98d3-3f07495cc41f,antipodes.plus,available,15.99,53.99,medium,low,9,namesilo,,,19/09/2026 14:59
9ed620ec-17c5-4a24-a219-4d00d9d1c065,neptunium.plus,available,15.99,53.99,medium,low,9,namesilo,,,21/09/2026 00:09
d5aca988-938e-415b-990a-96a1793dcbc7,instruments.plus,available,9.78,43.77,high,low,11,porkbun,,,28/09/2026 04:58
7bb880b6-afaf-43c9-89cb-027151217c9d,quash.plus,available,4.98,72.98,medium,low,5,namecheap,,,13/09/2026 06:42
74c104f9-95cf-48bc-9b8a-f6e93789f736,persistent.plus,available,4.98,72.98,high,low,10,namecheap,,,14/08/2026 14:58
f0233f66-1003-4fce-8ceb-02f434a449d6,windsor.plus,available,21.99,,high,low,7,name.com,,,
977b9275-e8ee-438c-9af9-cac92e451a9e,fated.plus,available,4.98,72.98,medium,low,5,namecheap,,,17/08/2026 23:32
2d6f7605-f219-4a34-a59b-1293f3ec4fe8,notice.plus,available,15.99,53.99,high,low,6,namesilo,,,24/09/2026 16:29
beac65da-533a-4896-a0a6-f70c4cb924f8,amused.plus,available,4.98,72.98,high,low,6,namecheap,,,
5fc43d40-a1c0-4b96-8119-24c9a40ce238,santo.plus,available,15.99,53.99,high,low,5,namesilo,,,25/09/2026 11:17
280bfe5f-fba8-4418-867a-18a6ca36f2c5,photocopying.plus,available,15.99,53.99,medium,low,12,namesilo,,,20/09/2026 03:35
d4faa447-9773-4138-aff0-46c1fe3952d3,soprano.plus,available,4.98,72.98,high,low,7,namecheap,,,10/09/2026 14:24
4cf915d3-bce8-4e69-a036-25d9962e794c,agouti.plus,available,4.98,72.98,medium,low,6,namecheap,,,17/09/2026 19:07
d5a9dc7b-59ad-472b-b646-2df4c99c60a8,bawl.plus,available,4.98,72.98,medium,low,4,namecheap,,,23/09/2026 06:25
d6559d8b-3384-4c79-95d3-d0ab0726cafa,abroach.plus,available,4.98,72.98,medium,low,7,namecheap,,,
42edf05c-bc96-47b7-a08f-ae45ef341744,beduin.plus,available,15.99,53.99,medium,low,6,namesilo,,,22/09/2026 23:27
e1c63fae-f0e4-494a-b0ea-5db0a5a6f9b4,indelibly.plus,available,4.98,72.98,medium,low,9,namecheap,,,15/09/2026 07:53
8c755904-c436-4d6d-bcb1-1facbc2239b1,loudly.plus,available,4.98,72.98,medium,low,6,namecheap,,,18/08/2026 12:25
cfa05ea5-06bb-4887-a573-fb48509b5e34,biennial.plus,available,4.98,72.98,high,low,8,namecheap,,,09/08/2026 19:52
a358f4a6-e786-4c99-96b8-a8b7e487e5db,referees.plus,available,15.99,53.99,medium,low,8,namesilo,,,20/09/2026 11:54
bba26527-dd4c-4c25-8661-e51725f72fb3,abstinence.plus,available,4.98,72.98,high,low,10,namecheap,,,16/09/2026 18:24
240c7025-8dfa-4cb4-bb03-5b8c7f3b80a5,players.plus,resell,,,high,low,7,"Chengdu West Dimension Digital Technology Co., Ltd.",04/12/2020 07:04,04/12/2026 07:04,26/09/2026 08:12
6aa17b99-e876-41ca-acaf-a2ee7ef8e7f8,sunup.plus,available,4.98,72.98,high,low,5,namecheap,,,11/09/2026 02:09
27c6adcb-26c1-4dc1-9802-e7f2492fec3c,millilitre.plus,available,4.98,72.98,medium,low,10,namecheap,,,11/08/2026 22:55
ba73319e-1683-4caf-aa72-d78f318ab37d,indigen.plus,available,4.98,72.98,medium,low,7,namecheap,,,03/09/2026 13:47
00208d11-8b2e-44be-9015-6415637af487,missiles.plus,available,4.98,72.98,low,low,8,namecheap,,,28/09/2026 00:20
cb1c756b-fcca-440b-8e2f-f085dcb6d599,journey.plus,resell,,,high,low,7,"Chengdu West Dimension Digital Technology Co., Ltd.",10/06/2020 09:20,10/06/2027 09:20,26/09/2026 07:01
7e9a30a2-3115-4637-8237-621f5f4d9db1,drudgery.plus,available,4.98,72.98,medium,low,8,namecheap,,,08/09/2026 21:19
dc1d393a-7f95-4b24-9ae9-4d56c85cf645,baeda.plus,available,15.99,53.99,medium,low,5,namesilo,,,21/09/2026 17:19
1d6f9fb9-3f70-4382-9b38-af46b747f5f5,victuals.plus,available,4.98,72.98,medium,low,8,namecheap,,,12/08/2026 18:52
3d7decc9-927f-4054-aaf8-7e4c48ebb406,limits.plus,available,15.99,53.99,medium,low,6,namesilo,,,18/09/2026 15:06
f6b398c7-6f77-4091-9da5-3a530b2a1198,proof.plus,resell,,,high,medium,5,"Xiamen ChinaSource Internet Service Co., Ltd",23/08/2018 08:23,23/08/2027 08:23,28/09/2026 08:41
771dc502-a7ff-43f2-8bc7-0e80f4a5b671,pacifist.plus,available,4.98,72.98,high,low,8,namecheap,,,04/09/2026 22:35
b902f576-46fc-4b4e-9240-a5f2a09fed97,opts.plus,available,4.98,72.98,medium,low,4,namecheap,,,18/09/2026 13:57
9358b374-af73-48b0-941f-1a07ae2353cd,generous.plus,available,4.98,72.98,high,low,8,namecheap,,,18/08/2026 21:29
0d88700b-0bef-4e2e-80be-ace47576f9a3,furrowed.plus,available,4.98,72.98,medium,low,8,namecheap,,,18/08/2026 18:55
55842f93-0720-49d9-95d5-863e8b6ab982,cxv.plus,available,,,high,low,3,,,,
9e6d9914-caef-470f-bf86-90890a046750,acetamide.plus,available,15.99,53.99,medium,low,9,namesilo,,,16/09/2026 23:49
7a4fd2cd-df57-45de-941b-811014f09196,grizzled.plus,available,4.98,72.98,medium,low,8,namecheap,,,20/08/2026 20:11
a0302f1a-7fd7-4b1a-91c2-90f6c6149409,empathetic.plus,available,4.98,72.98,high,low,10,namecheap,,,16/08/2026 16:43
6039e63f-00cd-4feb-abd8-e02d1ea805eb,printers.plus,premium,242,242,medium,low,8,namesilo,,,21/09/2026 00:30
e56e09c3-2b2f-4ddf-94ba-8a725fdb6daf,bestiality.plus,available,15.99,53.99,medium,low,10,namesilo,,,23/09/2026 10:39
f90b924f-1fed-42cd-9406-20e5de4dba7d,subacid.plus,available,4.98,72.98,medium,low,7,namecheap,,,10/09/2026 23:22
dfebcec8-73d8-44d5-8960-cf505d4d6e5a,andira.plus,available,4.98,72.98,medium,low,6,namecheap,,,19/09/2026 04:05
690661b3-9fc4-4d1f-9f53-20143b9ba182,habitat.plus,resell,,,high,medium,7,"Chengdu West Dimension Digital Technology Co., Ltd.",28/12/2023 15:16,28/12/2026 15:16,28/09/2026 08:23
4e7cadc8-92cf-42b2-9a74-2048d5e81409,autocue.plus,available,4.98,72.98,medium,low,7,namecheap,,,21/09/2026 06:14
1940c7e4-9f51-4317-93fb-a9958dbae491,libby.plus,available,4.34,43.67,high,low,5,spaceship,,,28/09/2026 02:15
74b06d54-ff53-4dd8-b61f-27c371668583,darkened.plus,available,17.99,60.99,medium,low,8,name.com,,,13/08/2026 18:08
9c3150e1-3cd4-4adf-b875-1b38565f9306,emmett.plus,available,4.34,43.67,medium,low,6,spaceship,,,28/09/2026 08:01
d5d0102d-cc84-4997-b2ca-50e73cc29351,veggie.plus,available,15.99,53.99,high,low,6,namesilo,,,19/09/2026 06:34
74fded99-91a2-43e0-ae9e-4bfba5e0c6c0,oversexed.plus,available,4.98,72.98,medium,low,9,namecheap,,,21/08/2026 09:17
18ddf6cc-81b2-45ae-85e0-c755aef3282a,astatine.plus,available,15.99,53.99,medium,low,8,namesilo,,,20/09/2026 16:55
9048a121-bf78-4ea0-9c32-9416e6a296bc,ayr.plus,available,15.99,53.99,high,low,3,namesilo,,,21/09/2026 10:41
3d7d7e13-1c07-4ccd-860f-5f764075e927,antsy.plus,available,4.98,72.98,medium,low,5,namecheap,,,05/08/2026 20:27
3224cad4-f8fb-4baf-8e9c-428e46845707,collarbone.plus,available,21.99,,medium,low,11,name.com,,,
d0eaf2d6-1e32-4ea5-9e2e-f69bd65dd465,anatomic.plus,available,4.98,72.98,medium,low,8,namecheap,,,
b9d14fee-6484-41f5-817b-dbf7e83c3eee,ravenous.plus,available,4.98,72.98,medium,low,8,namecheap,,,15/08/2026 06:13
eea8e38d-2cad-4bdd-87e7-43ffb119bd81,taiwanese.plus,available,4.98,72.98,high,low,9,namecheap,,,18/08/2026 12:14
43bf9727-7d6c-44f6-8c21-c4f3bb6213d1,samples.plus,premium,250,250,medium,low,7,name.com,,,20/09/2026 18:39
32ef3a78-9cc9-4b09-8419-3c386eb28870,acentric.plus,available,4.98,72.98,medium,low,8,namecheap,,,
81c38105-26db-4ba7-8431-dc7f101d13a2,observable.plus,available,4.98,72.98,high,low,10,namecheap,,,03/09/2026 23:59
37e2a61c-3974-457e-8c14-c7837ecc75dc,dangers.plus,available,15.99,53.99,medium,low,7,namesilo,,,18/09/2026 04:42
130c0cf0-3620-46ed-89a4-e64513d9fc77,shelton.plus,available,15.99,53.99,medium,low,7,namesilo,,,27/09/2026 01:50
f6b5f2b2-2cf1-498f-ae1c-93b50456fec5,cheer.plus,resell,,,high,low,5,"DNSPod, Inc.",02/03/2023 15:15,02/03/2027 15:15,26/09/2026 04:53
8bec3cb2-7482-4d2d-ad85-99a23d15e722,mentally.plus,available,4.98,72.98,medium,low,8,namecheap,,,15/09/2026 14:13
aa855884-8a93-464d-8488-161ac37cbc78,peiping.plus,available,15.99,53.99,medium,low,7,namesilo,,,23/09/2026 04:16
c817dbcb-36a2-4393-9c95-641c5127087c,grew.plus,available,21.99,,high,low,4,name.com,,,
c97b86e5-7cb0-4923-a1c6-a7e2706ade5f,point.plus,resell,,,high,low,5,"DNSPod, Inc.",26/06/2018 23:24,26/06/2027 23:24,26/09/2026 08:13
96bc36bc-8e1d-47ed-bf28-95251d603b65,clanking.plus,available,4.98,72.98,medium,low,8,namecheap,,,12/08/2026 09:33
55d6e769-8bcf-417c-91ed-7054750314e8,helped.plus,available,4.98,72.98,medium,low,6,namecheap,,,25/09/2026 18:33
df629ea6-d1ee-4ad0-9bb5-4adf41ff2cc8,sophomore.plus,available,4.98,72.98,high,low,9,namecheap,,,10/09/2026 14:17
201e27ed-ea37-4eff-9d29-49a1c0e9b24b,fungible.plus,available,4.98,72.98,medium,low,8,namecheap,,,18/08/2026 18:32
09ad73a6-e789-48cc-ae60-9ac0d7f703cb,cracked.plus,available,4.98,72.98,high,low,7,namecheap,,,22/09/2026 01:30
cc874e90-56df-412c-a3e3-227a9360cc8a,uncolored.plus,available,4.98,72.98,medium,low,9,namecheap,,,12/09/2026 02:06
6e6fd61d-8694-4abd-8243-59bb1f9ab24b,freckled.plus,available,4.98,72.98,medium,low,8,namecheap,,,18/08/2026 14:26
0ab172e5-b792-467c-839f-61d15fb0a97f,armful.plus,available,15.99,53.99,medium,low,6,namesilo,,,20/09/2026 06:50
963ebcfd-2cc3-4133-aede-0ca578fe642b,akhenaton.plus,available,4.98,72.98,medium,low,9,namecheap,,,17/09/2026 23:57
09197347-19c8-4c94-9047-4d28dff4dc61,righteous.plus,available,4.34,43.67,high,low,9,spaceship,,,27/09/2026 15:12
8f51334d-f28a-4f5d-ac55-8de726bbcab7,strindberg.plus,available,15.99,53.99,medium,low,10,namesilo,,,21/09/2026 03:49
59f1411f-9105-4c37-a96a-d3e27ba122a9,cadaverous.plus,available,4.98,72.98,medium,low,10,namecheap,,,10/08/2026 18:51
196fde46-def2-4615-994e-d5a49389c1d4,lepanto.plus,available,15.99,53.99,medium,low,7,namesilo,,,22/09/2026 15:21
9fd25760-feb5-4565-96ce-15f539937b7a,squall.plus,available,21.99,,medium,low,6,name.com,,,
626a7632-1ebe-4792-8cef-224ec7ff6dd7,blackness.plus,available,4.98,72.98,medium,low,9,namecheap,,,10/08/2026 10:54
310e4006-0945-411c-9b2c-b71163126901,dare.plus,available,17.99,60.99,high,low,4,name.com,,,13/08/2026 17:51
6da3692f-a187-4ac1-97f5-ed7e6dcbf806,alienism.plus,available,15.99,53.99,medium,low,8,namesilo,,,18/09/2026 07:34
a6cd4270-a242-4eb7-831c-fce54e69c18e,expected.plus,available,4.98,72.98,high,low,8,namecheap,,,17/08/2026 18:04
c9a488ca-6142-4959-a46c-7dd73b147a3a,sunshine.plus,resell,,,high,low,8,"DNSPod, Inc.",13/02/2021 13:30,13/02/2027 13:30,27/09/2026 02:06
ff95573f-ae86-45f2-a269-3c73ec750ef9,agee.plus,available,15.99,53.99,medium,low,4,namesilo,,,17/09/2026 16:52
18e9d002-8484-4c75-aac1-69971004cdb9,unassigned.plus,available,4.98,72.98,medium,low,10,namecheap,,,12/09/2026 01:12
ac1105ee-5704-438d-8132-0df66c2d09c0,hebridean.plus,available,4.98,72.98,medium,low,9,namecheap,,,21/08/2026 05:45
6950fd86-a2ca-4c7f-b77e-0447695333ef,darwinian.plus,available,17.99,60.99,medium,low,9,name.com,,,13/08/2026 18:25
77070be2-0e61-4840-9daf-a0efb591c6e6,concourse.plus,available,,,high,low,9,,,,
a04090fd-be61-4774-84fe-5e478b91eedc,uncool.plus,available,4.98,72.98,medium,low,6,namecheap,,,12/09/2026 06:11
2620f015-6839-497b-be56-02e6fa53b85b,suitably.plus,available,4.98,72.98,medium,low,8,namecheap,,,13/09/2026 20:30
40094421-224b-4a9b-8777-53dcbf42e184,disordered.plus,available,4.98,72.98,medium,low,10,namecheap,,,14/08/2026 11:18
4662db0a-8caf-4bde-ae1c-29dfc7648c35,pcs.plus,available,15.99,53.99,high,low,3,namesilo,,,27/09/2026 08:22
a05849fb-149c-4e4b-af8e-a33c9bdca097,bargaining.plus,available,15.99,53.99,high,low,10,namesilo,,,22/09/2026 05:36
1f1b921e-39a1-4da1-8e86-117c355055d4,ribbing.plus,available,4.98,72.98,medium,low,7,namecheap,,,11/09/2026 10:01
194bb54c-b9b1-4504-8980-a9e8a48dc8a7,pressure.plus,resell,,,high,low,8,"DNSPod, Inc.",04/08/2022 13:15,04/08/2027 13:15,26/09/2026 08:18
a1312cac-50a5-4f2c-b66a-0520eb27fd7d,totality.plus,available,4.98,72.98,high,low,8,namecheap,,,
c0a28736-9fe4-4e17-be1b-a5785edb16a2,theater.plus,available,9.85,45.16,high,low,7,dynadot,,,28/09/2026 03:50
eb945cd3-2eea-4147-a857-f23050cfa8ac,curry.plus,available,21.99,,high,low,5,name.com,,,
7d6a0e0d-6c51-4947-a438-78fa0f26436b,proscribed.plus,available,4.98,72.98,medium,low,10,namecheap,,,18/08/2026 11:01
1b1f8ef0-cd7b-45cd-82f5-2d5d5d11cff3,lapsed.plus,available,4.98,72.98,medium,low,6,namecheap,,,22/08/2026 19:47
8c631218-bd25-4eff-8abe-19d5b57e29f3,bromic.plus,available,4.98,72.98,medium,low,6,namecheap,,,11/08/2026 05:32
6af00e4c-1ee5-41fb-bdc8-0439cec3c7fd,galaxy.plus,resell,,,high,medium,6,"Chengdu West Dimension Digital Technology Co., Ltd.",14/08/2018 08:43,14/08/2027 08:43,26/09/2026 06:18
eb428760-9118-49a8-a324-1b1864521f37,alkeran.plus,available,15.99,53.99,medium,low,7,namesilo,,,18/09/2026 08:31
ac9ae90b-d33b-48d5-8a05-35efba719308,rarified.plus,available,4.98,72.98,high,low,8,namecheap,,,17/08/2026 15:46
4b7bb0fc-933e-4af5-8df9-40600b67f027,errant.plus,available,4.98,72.98,high,low,6,namecheap,,,17/08/2026 12:44
5ac17146-e463-428b-8c5f-d2479556538d,unfunded.plus,available,4.98,72.98,medium,low,8,namecheap,,,12/09/2026 11:04
5472759f-1085-45de-96b5-fdeb549a1b2c,baker.plus,resell,,,high,low,5,"DNSPod, Inc.",15/06/2024 15:15,15/06/2027 15:15,26/09/2026 04:13
96b8a183-d610-4d75-bb5e-5fcca3412910,unsalted.plus,available,4.98,72.98,medium,low,8,namecheap,,,12/09/2026 18:45
65ff1462-ca15-4c9c-a29c-d06cd282c8eb,parky.plus,available,4.98,72.98,medium,low,5,namecheap,,,08/09/2026 01:38
8d2f8322-423e-4e88-990e-3fef54226888,mentioning.plus,available,4.98,72.98,medium,low,10,namecheap,,,17/09/2026 21:20
02104d60-df1a-489e-964b-4af11574f579,absorbing.plus,available,4.98,72.98,high,low,9,namecheap,,,21/09/2026 15:02
0fc25471-a6c2-4387-9b2e-905abeab6d14,organismal.plus,available,4.98,72.98,medium,low,10,namecheap,,,04/09/2026 17:47
af89b582-24dd-41ce-b69a-2698a405dbd0,albumen.plus,available,15.99,53.99,high,low,7,namesilo,,,18/09/2026 03:31
b3f83801-c514-4d0c-b1ec-2bd23eba2d4b,chekov.plus,available,15.99,53.99,medium,low,6,namesilo,,,19/09/2026 15:28
ee847717-be5f-497b-8574-41d62ebbdd8c,bumpy.plus,available,4.98,72.98,medium,low,5,namecheap,,,11/08/2026 09:48
ed2bc3a4-97a1-440d-b9f1-f1c70fbe6ddd,relatively.plus,available,21.99,,medium,low,10,name.com,,,
d70a6214-e7f5-4f99-8389-b1b0841bb099,pellmell.plus,available,4.98,72.98,medium,low,9,namecheap,,,21/08/2026 01:07
12e91c35-fb26-4450-9222-d14af4661194,lowbrow.plus,available,4.98,72.98,medium,low,7,namecheap,,,
a216fb0a-a84a-4dbb-8225-dbd212410beb,bengal.plus,available,15.99,53.99,high,low,6,namesilo,,,23/09/2026 07:59
3b22198c-a1e7-4160-94d0-58bcd10f08d9,joyless.plus,available,4.98,72.98,medium,low,7,namecheap,,,22/08/2026 14:04
5233ecf9-a4c7-47ed-8805-4f66cb6df07b,northerly.plus,available,4.98,72.98,medium,low,9,namecheap,,,03/09/2026 21:23
da7e1169-e67b-4da8-8861-ceaa10f6394b,duodecimal.plus,available,4.98,72.98,medium,low,10,namecheap,,,14/08/2026 21:19
573dbc3b-7a0f-466b-bc16-784754b255f8,spoil.plus,available,4.98,72.98,high,low,5,namecheap,,,09/09/2026 08:16
6c01add3-c975-4782-8dac-ab86c97d6c9e,flummox.plus,available,15.99,53.99,medium,low,7,namesilo,,,21/09/2026 17:31
f3575561-daf6-4bc8-a819-cc3a4254b0e0,anima.plus,resell,,,high,medium,5,"DNSPod, Inc.",02/06/2024 15:15,02/06/2027 15:15,26/09/2026 03:53
37e927eb-e3bd-45d0-9d0f-7014afea000d,copper.plus,resell,,,high,low,6,"Sav.com, LLC - 30",21/01/2026 15:15,21/01/2027 15:15,26/09/2026 05:15
de1df94d-ad19-4f32-967f-996e455cff04,piddle.plus,available,4.98,72.98,low,low,6,namecheap,,,13/09/2026 08:06
3fc662fa-84ba-4119-bc22-1d02c4b092a4,awry.plus,available,4.98,72.98,medium,low,4,namecheap,,,
c696c62f-1d60-4459-8ddd-f7ef85e04c39,asthma.plus,available,15.99,53.99,medium,low,6,namesilo,,,20/09/2026 17:24
b550e328-ec1e-4616-8d3d-4bf65dcfe2a1,articulate.plus,available,4.98,72.98,high,low,10,namecheap,,,22/09/2026 08:42
420f2827-26de-4214-bc47-8dbf893a93e0,balaena.plus,available,4.98,72.98,medium,low,7,namecheap,,,21/09/2026 20:30
5fc50d5d-8118-4389-b0c2-79912367fc2c,dave.plus,resell,,,high,low,4,"Spaceship, Inc.",17/05/2026 19:56,17/05/2027 19:56,26/09/2026 05:26
1e6b79a1-02ab-45be-97e7-31f3f12b12e0,gifts.plus,premium,118.8,118.8,high,low,5,namesilo,,,25/09/2026 17:25
78931ba9-30f6-461a-ad0d-6c7b5564f956,fibreoptic.plus,available,4.98,72.98,medium,low,10,namecheap,,,18/08/2026 03:14
8003ee99-246b-4220-9192-56155280cd6d,shoebill.plus,available,4.98,72.98,medium,low,8,namecheap,,,21/09/2026 20:35
dc112fbe-0dcf-4979-afe6-3ba78d5ddd9e,franciscan.plus,available,4.98,72.98,high,low,10,namecheap,,,18/08/2026 14:06
f4749bbb-4767-4dad-95fb-6340f5d007a1,engine.plus,resell,,,high,low,6,Xin Net Technology Corporation,05/04/2018 07:55,05/04/2027 07:55,28/09/2026 03:55
0eeec7ec-784f-45d1-8037-59fda55d5863,boffo.plus,available,4.98,72.98,high,low,5,namecheap,,,10/08/2026 16:57
a4b70995-e41d-4ec7-9dfc-f67eba3eb646,lacking.plus,available,21.99,,high,low,7,name.com,,,
7d22309d-be82-401a-9d02-bd5634cb7224,weight.plus,resell,,,high,low,6,Porkbun LLC,05/08/2025 20:01,05/08/2027 20:01,26/09/2026 10:06
013ca723-a3da-4f0e-af1e-8db02f564a63,gnomish.plus,available,4.98,72.98,medium,low,7,namecheap,,,20/08/2026 15:45
e7e5fb40-0619-4a28-ad68-de5b12593fdf,observed.plus,available,4.98,72.98,high,low,8,namecheap,,,22/09/2026 09:25
af7f9431-725b-42d1-a9cf-f0d239b3dcbf,arawak.plus,available,4.98,72.98,medium,low,6,namecheap,,,06/08/2026 12:38
e002bab8-be51-46ac-890d-7fddd975d348,uppermost.plus,available,4.98,72.98,medium,low,9,namecheap,,,11/09/2026 17:48
f237a51e-d7c7-4d74-be96-77977dfe1f50,silhouettes.plus,available,15.99,53.99,medium,low,11,namesilo,,,20/09/2026 11:57
2426572b-7106-44c7-9ca9-9fdcc72815e5,sensate.plus,available,4.98,72.98,high,low,7,namecheap,,,10/09/2026 03:44
95d6a9c2-91d0-4360-ab7c-56ab6e85246e,undated.plus,available,4.98,72.98,medium,low,7,namecheap,,,12/09/2026 06:58
227ef535-6c93-4eb6-b9d9-8bc9d4fb3d50,postdoc.plus,available,4.98,72.98,high,low,7,namecheap,,,09/09/2026 00:19
ea8b3dc1-384f-4fbb-a72b-5c5c8f6883d4,reservoir.plus,available,15.99,53.99,high,low,9,namesilo,,,20/09/2026 11:41
665e6546-2e4a-4e15-9fe8-f3a1a7ee00fd,hothead.plus,available,17.99,60.99,medium,low,7,name.com,,,13/08/2026 17:45
b587334e-9cc6-44c8-b075-85f8fcba3ab0,blok.plus,available,4.98,72.98,high,low,4,namecheap,,,18/09/2026 05:01
85897c47-2d2b-42cc-a31e-3bc4da536c69,schematic.plus,available,4.98,72.98,high,low,9,namecheap,,,09/09/2026 23:02
0a4f6eb7-8b22-48ea-8007-699baf8db91d,evident.plus,available,4.98,72.98,high,low,7,namecheap,,,06/08/2026 05:13
65d0cf22-0f66-443a-8a9c-87d81798c6a1,denary.plus,available,4.98,72.98,medium,low,6,namecheap,,,13/08/2026 21:30
f5019ef1-8631-46bb-ba70-ea80e5e1f205,bushy.plus,available,4.98,72.98,high,low,5,namecheap,,,11/08/2026 11:15
be453b10-4032-4a86-8f82-1709abfbb825,ancestral.plus,available,4.98,72.98,high,low,9,namecheap,,,
b8f49774-dcea-4490-919a-81336e321ee6,manzoni.plus,available,15.99,53.99,high,low,7,namesilo,,,18/09/2026 05:31
13e09904-7887-44cf-85e9-b380cbd9f44e,autarkic.plus,available,4.98,72.98,medium,low,8,namecheap,,,07/08/2026 18:47
9771c882-284a-41dd-bdb5-8d24042813f9,untagged.plus,available,4.98,72.98,medium,low,8,namecheap,,,12/09/2026 14:35
a7dea56e-89ac-4477-a279-0a88cf27ba1a,radioed.plus,available,15.99,53.99,medium,low,7,namesilo,,,20/09/2026 15:44
a66369ee-6ae8-429b-befe-1b6b63766f88,bloch.plus,available,15.99,53.99,medium,low,5,namesilo,,,28/09/2026 00:50
98cc94fe-fe97-49e7-8253-b98edfa4813c,arrowroot.plus,available,4.98,72.98,medium,low,9,namecheap,,,17/09/2026 00:43
f5d180fd-bee7-405d-8187-4ccd1aa9f5dd,burgess.plus,available,15.99,53.99,medium,low,7,namesilo,,,19/09/2026 13:35
4737d6f3-1e48-4bcf-bf89-2ec209ed05bf,stubby.plus,available,4.98,72.98,medium,low,6,namecheap,,,10/09/2026 22:56
f6bead00-a6c7-4a40-a6b3-fcd347a37df5,towed.plus,available,21.99,,medium,low,5,name.com,,,
0a169303-1c06-47a1-818a-1a8bae94e842,tetrad.plus,available,4.98,72.98,medium,low,6,namecheap,,,
09063834-3721-4ef9-9f6a-c037a7777912,crossways.plus,available,4.98,72.98,medium,low,9,namecheap,,,14/09/2026 09:48
e76d9ec7-86cb-477a-aa3c-004643148fdd,timed.plus,available,4.98,72.98,high,low,5,namecheap,,,11/09/2026 16:00
6624b972-fae3-4d3a-a24f-4765386d4505,shotgun.plus,available,15.99,53.99,high,low,7,namesilo,,,26/09/2026 00:14
9ae7b76d-6b15-48ed-811f-b7596041e4c2,urinate.plus,available,4.98,72.98,medium,low,7,namecheap,,,13/09/2026 09:41
5bec7276-3b20-43bd-92e0-cf8f67d6fcbc,contention.plus,available,15.99,53.99,medium,low,10,namesilo,,,20/09/2026 04:48
63c3389d-27bc-4fd6-b84a-6389a1fbb45c,portable.plus,available,4.98,72.98,high,low,8,namecheap,,,27/09/2026 04:40
b44fcc13-faaa-49da-980b-b3614221bb28,heretofore.plus,available,4.98,72.98,medium,low,10,namecheap,,,13/09/2026 21:50
361543f4-2d16-4b2a-9bb0-bf664c9f17e7,ayin.plus,available,15.99,53.99,high,low,4,namesilo,,,21/09/2026 10:38
5a1455f6-1b5b-4dc8-8eb4-25cfc2f3ba8e,trigonal.plus,available,4.98,72.98,medium,low,8,namecheap,,,09/09/2026 16:45
31eb0c41-46c6-4885-b54b-32eedd32213a,adulthood.plus,available,15.99,53.99,high,low,9,namesilo,,,17/09/2026 10:25
1ff06076-957c-4770-a83d-78ab4824dba1,tycoons.plus,available,15.99,53.99,medium,low,7,namesilo,,,19/09/2026 22:53
5ab08ea4-2aa5-4870-bc6d-ee504516e9f3,ataraxia.plus,available,4.98,72.98,high,low,8,namecheap,,,20/09/2026 19:35
8440afe7-5cf9-4680-879a-63c7080cfb03,widely.plus,available,21.99,,medium,low,6,name.com,,,
948fa5f7-d2f7-4560-bf4f-1de3bff23f8a,seafood.plus,resell,,,high,low,7,"DNSPod, Inc.",19/02/2021 20:26,19/02/2027 20:26,26/09/2026 08:52
12fdf1d4-05be-43c1-8245-fbdf75a19bc5,wavy.plus,available,4.98,72.98,high,low,4,namecheap,,,13/08/2026 06:54
9cf66c71-b203-4d1e-899a-51582cea0b3a,kurakkan.plus,available,15.99,53.99,medium,low,8,namesilo,,,17/09/2026 15:21
05f045c9-007a-4d96-94a3-c90bc21a217e,climber.plus,available,15.99,53.99,high,low,7,namesilo,,,24/09/2026 15:39
8af35c9f-b112-4de0-ab0d-3982ad7f15dd,modesty.plus,available,21.99,,high,low,7,name.com,,,
a6879c92-5c8a-4ef7-becd-7716d04f5408,baseboard.plus,available,15.99,53.99,medium,low,9,namesilo,,,22/09/2026 10:08
945c8e2b-453c-48a6-ab93-41902c5bba4e,reformed.plus,available,4.98,72.98,high,low,9,namecheap,,,09/09/2026 10:53
29606226-19d1-4191-a9d0-53ebdf197f56,splenic.plus,available,17.99,60.99,medium,low,7,name.com,,,23/08/2026 01:27
c7b20f61-e4dd-40b6-95f6-0c741e018643,romeo.plus,available,15.99,53.99,high,low,5,namesilo,,,27/09/2026 05:10
7d8594b7-a408-4bf5-a6ef-db17914e369a,thankful.plus,available,15.99,53.99,high,low,8,namesilo,,,24/09/2026 22:54
e82f8442-eb5c-4146-ac90-aa37b8a073d8,specks.plus,available,15.99,53.99,medium,low,6,namesilo,,,20/09/2026 10:46
d453636a-48ec-4081-a1db-9b2fa28b1688,patterns.plus,available,15.99,53.99,medium,low,8,namesilo,,,28/09/2026 08:39
b05c4386-7f51-44df-bab9-ac61475e227d,speechless.plus,available,15.99,53.99,medium,low,10,namesilo,,,19/09/2026 16:52
38cdee3a-15b3-47f1-9eae-1b4b59125364,quickness.plus,available,21.99,,high,low,9,name.com,,,
f2327b27-2f6e-41ab-8f98-4475e15efb7b,gallstone.plus,available,15.99,53.99,medium,low,9,namesilo,,,23/09/2026 15:46
c87e70b6-de55-46e5-9433-ed071e76327a,scorched.plus,available,4.98,72.98,medium,low,8,namecheap,,,
c7953733-2c93-4260-a967-7e276e03fa08,colour.plus,premium,242,242,high,low,6,namesilo,,,23/09/2026 15:08
9be2bc29-0d33-47c5-aa0b-1c9abc4cf20d,evidence.plus,available,4.98,72.98,high,low,8,namecheap,,,24/08/2026 15:05
f0e4c83e-4736-43cf-ae8e-7a0209a53dcf,vocalic.plus,available,4.98,72.98,medium,low,7,namecheap,,,13/09/2026 06:26
3d085a33-f62e-483e-8c25-13ae45296a26,mauve.plus,available,4.98,72.98,high,low,5,namecheap,,,24/08/2026 17:37
8a4476e4-2da7-4d04-8f49-9b8dd16ac881,alpinia.plus,available,15.99,53.99,medium,low,7,namesilo,,,18/09/2026 14:02
ecff8409-ff42-42bc-92ab-3aceebba68b3,vestibular.plus,available,4.98,72.98,medium,low,10,namecheap,,,13/09/2026 04:52
5c841ce1-3ff5-490b-8576-e6d4b02c9a5f,purposes.plus,available,21.99,,medium,low,8,name.com,,,
82c82867-fa1d-4dcd-835a-92e6c125f0aa,everbody.plus,available,21.99,,medium,low,8,name.com,,,
ede60f63-d3e3-4a39-ab76-461aecd72645,ferric.plus,available,4.98,72.98,medium,low,6,namecheap,,,18/08/2026 02:07
d44b2d5b-eb10-4297-8925-031174588f4f,assertion.plus,available,15.99,53.99,high,low,9,namesilo,,,20/09/2026 16:14
caa440b9-d599-4da2-866d-ef100d46aae4,reportedly.plus,available,4.98,72.98,medium,low,10,namecheap,,,15/09/2026 23:15
dc03872e-8bf8-4708-b5e6-7bfa256cdf26,vows.plus,available,15.99,53.99,medium,low,4,namesilo,,,28/09/2026 04:45
2b4f3e5a-6dac-4606-abc9-455908bcc4c3,barreled.plus,available,4.98,72.98,medium,low,8,namecheap,,,08/08/2026 20:46
a004dbbc-e052-48e0-840b-66d0ced81601,promised.plus,available,15.99,53.99,high,low,8,namesilo,,,17/09/2026 11:24
ea7ce6ac-5139-4edc-887a-120b22ca7536,foliated.plus,available,4.98,72.98,medium,low,8,namecheap,,,08/09/2026 09:20
d08cb8ea-2f91-4334-9606-b5c13ece10f2,instore.plus,available,21.99,,high,low,8,name.com,,,
a3f114c7-5377-42c8-8a00-d963541b25aa,multilevel.plus,available,4.98,72.98,medium,low,10,namecheap,,,03/09/2026 10:46
afe7ae71-2ea1-4ec0-a21d-0b98789448a0,phonologic.plus,available,4.98,72.98,medium,low,10,namecheap,,,08/09/2026 19:14
694ea4da-fc4f-4fbb-bd74-f9f1c9383ab3,charivari.plus,available,15.99,53.99,medium,low,9,namesilo,,,23/09/2026 06:08
86be41b5-56e2-4704-b5e9-8f2df02925f5,henderson.plus,available,4.98,72.98,high,low,9,namecheap,,,25/09/2026 19:30
65d8b3ba-baad-4ce5-8958-91cf5966b728,beatnik.plus,available,15.99,53.99,high,low,7,namesilo,,,22/09/2026 21:43
341c7b62-a98f-4aed-bcaa-5111dc30a47d,lopsided.plus,available,4.98,72.98,medium,low,8,namecheap,,,07/08/2026 03:41
23e61992-8b05-459f-b214-87b64927150a,perdurable.plus,available,4.98,72.98,medium,low,10,namecheap,,,08/09/2026 16:24
97fafc11-9f73-4568-81f5-ffdefa747fd6,bowls.plus,available,21.99,,high,low,5,name.com,,,
bfa12a4a-49a1-4d25-b87a-3f5f12d0e37f,optically.plus,available,4.98,72.98,medium,low,9,namecheap,,,15/09/2026 18:03
2d75e962-4dc6-444d-b28f-8c699fa2d475,julius.plus,available,4.34,43.67,high,low,6,spaceship,,,27/09/2026 18:53
28a4d8eb-6f20-4239-b53c-0a04f8726f62,vitalizing.plus,available,4.98,72.98,medium,low,10,namecheap,,,23/08/2026 01:35
7118b3b5-98f2-4792-9634-0ec74467d231,cleanly.plus,available,4.98,72.98,high,low,7,namecheap,,,12/08/2026 10:21
f82832e2-9923-404d-8e45-6b4f7ecb34b9,shooter.plus,available,4.98,72.98,medium,low,7,namecheap,,,24/09/2026 19:04
8d036dea-8a75-418a-949e-34f972c76404,stealthy.plus,available,4.98,72.98,medium,low,8,namecheap,,,18/08/2026 19:00
f4f7c005-77fc-4ecc-a631-516b14ee5275,humanistic.plus,available,4.98,72.98,high,low,10,namecheap,,,21/08/2026 14:53
4329c73f-7a50-43c4-bea9-0fe328f8ec27,insinuate.plus,available,4.98,72.98,medium,low,9,namecheap,,,22/08/2026 08:35
3d8b4560-d964-467b-af5b-8826abfce30d,gratuitous.plus,available,4.98,72.98,medium,low,10,namecheap,,,13/08/2026 03:14
30f6cb4c-d9db-45b9-a264-5b5fdf838744,pounds.plus,available,15.99,53.99,medium,low,6,namesilo,,,18/09/2026 01:51
8a17378a-1251-4d77-b737-ce97eea9f23b,eloquently.plus,available,4.98,72.98,medium,low,10,namecheap,,,13/09/2026 20:54
45c1435f-df83-402d-9a76-5fc5aa7315c2,austerlitz.plus,available,15.99,53.99,medium,low,10,namesilo,,,21/09/2026 04:41
aa3b61e8-43ad-47be-a376-cca0a761d7e8,bushwhack.plus,available,15.99,53.99,medium,low,9,namesilo,,,18/09/2026 17:32
81d88de2-f511-4fe1-b9c3-28b2343c4625,oddly.plus,available,21.99,,medium,low,5,name.com,,,
d4b81f58-caff-4912-aa67-8ec3cf04108d,sprague.plus,available,42.2,42.2,medium,low,7,cloudflare,,,28/09/2026 08:05
3271859b-9d47-454f-8f05-4f8247547dbc,nations.plus,available,15.99,53.99,medium,low,7,namesilo,,,27/09/2026 22:54
b71fa139-d4d0-4fb1-a23e-ae2505ddae47,strong.plus,resell,,,high,low,6,"Xiamen ChinaSource Internet Service Co., Ltd",25/09/2022 13:15,25/09/2027 13:15,26/09/2026 09:21
4bf34254-b592-461c-8b19-19387add64d9,fulgid.plus,available,4.98,72.98,medium,low,6,namecheap,,,
95e64f50-3001-4959-8bfd-dc8ea4053223,unshaped.plus,available,4.98,72.98,medium,low,8,namecheap,,,12/09/2026 19:31
5e347246-8dfb-43c5-b0f5-42c4c95b63a0,unnumbered.plus,available,4.98,72.98,medium,low,10,namecheap,,,13/08/2026 03:46
cc99b5e0-2a91-4f08-8de3-5ee68a59d698,monied.plus,available,4.98,72.98,medium,low,6,namecheap,,,25/08/2026 04:39
395fd739-f489-4482-a783-5cb3b693f6a6,foggy.plus,available,4.98,72.98,medium,low,5,namecheap,,,10/08/2026 16:21
1577b1e8-9d26-4e7d-9601-c331f2fb6606,final.plus,available,4.98,72.98,high,low,5,namecheap,,,23/09/2026 19:07
68c22d7a-5209-4540-8db0-14e79c080db8,unflavored.plus,available,4.98,72.98,medium,low,10,namecheap,,,03/09/2026 19:15
d1894d00-f415-46ec-93e5-e1ac2466045d,sectional.plus,available,4.98,72.98,medium,low,9,namecheap,,,10/09/2026 01:18
864dd685-9d59-49a5-8317-6e71af631736,stoically.plus,available,15.99,53.99,medium,low,9,namesilo,,,16/09/2026 07:14
c24c6c63-b0ca-4731-9b24-6b9298f37ca7,equipment.plus,resell,,,high,low,9,"Chengdu West Dimension Digital Technology Co., Ltd.",05/03/2017 09:09,05/03/2027 09:09,28/09/2026 02:33
02823250-30a4-4273-b618-6f35322f520a,abhorrent.plus,available,15.99,53.99,medium,low,9,namesilo,,,21/09/2026 13:49
c44cfb44-f0cd-4718-8c78-c7aa75001bb1,radiate.plus,available,4.98,72.98,high,low,7,namecheap,,,09/09/2026 09:40
f77d5488-1031-4405-b125-057ff5187239,gracefully.plus,available,4.98,72.98,high,low,10,namecheap,,,14/09/2026 21:54
fed90018-f1de-47e6-a4d6-a617f4df1467,debt.plus,resell,,,high,low,4,"DNSPod, Inc.",20/05/2020 18:03,20/05/2027 18:03,26/09/2026 05:27
aaec5ac0-36c2-4750-86cb-4e116aa9653a,inclement.plus,available,4.98,72.98,medium,low,9,namecheap,,,22/08/2026 01:31
2323128b-f3c9-434f-a39e-df8a9eca842d,met.plus,resell,,,high,low,3,,,,27/09/2026 17:23
e3a603d7-0653-46ce-9314-dab7e59b0cde,prepaid.plus,available,4.98,72.98,high,low,7,namecheap,,,09/09/2026 00:39
ffcc93af-fcc5-4b72-a39a-e23fdeec0e75,befog.plus,available,4.98,72.98,medium,low,5,namecheap,,,03/09/2026 23:52
cdb48e5a-275e-4f9b-982c-e3bf6df6d0ef,jain.plus,available,4.98,72.98,high,low,4,namecheap,,,22/08/2026 12:04
4d7b26ae-6164-4de4-b61d-2329248293b4,totally.plus,available,15.99,53.99,high,low,7,namesilo,,,22/09/2026 00:22
03fbb51e-1274-4702-bca9-01f0ccc2e6b7,proustian.plus,available,4.98,72.98,medium,low,9,namecheap,,,09/09/2026 04:22
8a5bc2e0-c710-4b8c-be10-fc28c5a97131,guthrie.plus,available,15.99,53.99,high,low,7,namesilo,,,25/09/2026 06:47
aef5f994-d67a-4a46-9878-1cd205e8ef5b,trieste.plus,available,42.2,42.2,medium,low,7,cloudflare,,,27/09/2026 18:38
5bcd3c63-eb5b-4143-9137-0e76880dfd58,refundable.plus,available,21.99,,high,low,10,name.com,,,
72b06191-904d-4e32-abfd-626a55f0bdf1,thyroid.plus,available,4.98,72.98,high,low,7,namecheap,,,11/09/2026 15:18
be6599cc-fef7-471a-836c-9c0d6a75a670,turndown.plus,available,21.99,,high,low,9,name.com,,,
8f8c0f2f-767f-4b9b-8f3a-c18a4e55e3aa,settled.plus,available,4.98,72.98,high,low,7,namecheap,,,12/08/2026 17:27
1892286d-3f3f-4c97-93f9-dc4320c36496,horace.plus,available,15,,high,low,6,unstoppable,,,28/09/2026 02:07
1faff2a3-e06c-417a-9225-a8c21deb1ba1,blown.plus,available,4.98,72.98,medium,low,5,namecheap,,,10/08/2026 15:36
62032361-3460-43d5-a2c3-856bf1c49c24,behind.plus,available,4.98,72.98,high,low,6,namecheap,,,22/09/2026 18:54
6096eda1-6d45-4804-b402-c1e2eba9bd22,coincidence.plus,available,15.99,53.99,high,low,11,namesilo,,,27/09/2026 21:29
4cbe4705-acb0-4351-8e41-1b41c2862d90,belladonna.plus,available,4.98,72.98,medium,low,10,namecheap,,,21/09/2026 00:55
39ff90f1-9fc3-4295-a445-55fab0d6e0fb,thirteen.plus,available,15.99,53.99,high,low,8,namesilo,,,21/09/2026 11:32
d876d573-545e-4b16-9c04-b570cf0f1bce,sony.plus,available,,,high,medium,4,,,,
83cad5af-274d-45d3-bb68-f1f373e0178b,behest.plus,available,15.99,53.99,high,low,6,namesilo,,,23/09/2026 03:29
01f2f9fa-e39b-44ef-91c0-b846994c2e11,explanations.plus,available,15.99,53.99,medium,low,12,namesilo,,,17/09/2026 10:05
b04132dc-3a91-4ea2-8c13-f6eb7e27a80a,gyroscopic.plus,available,4.98,72.98,medium,low,10,namecheap,,,20/08/2026 21:21
81448ad2-d5bc-42cf-bf58-46d57b1aab3c,chairmen.plus,available,4.98,72.98,medium,low,8,namecheap,,,18/09/2026 22:56
06edd4b3-919f-49f0-a474-f0c18f485b9b,jody.plus,available,21.99,,high,low,4,name.com,,,
b680c925-fb87-4f40-9dba-d38ef82618ac,arctan.plus,available,15.99,53.99,medium,low,6,namesilo,,,20/09/2026 01:31
3a01509a-95f3-4f42-89e6-943030f43f86,xxiv.plus,available,4.98,72.98,medium,low,4,namecheap,,,
284f863f-8dcc-40f6-afd0-95d0e36fe17e,underage.plus,available,4.98,72.98,medium,low,8,namecheap,,,03/09/2026 18:43
a8be08cd-1c34-491a-af2f-5a316fedddf1,gomez.plus,available,15.99,53.99,high,low,5,namesilo,,,25/09/2026 16:06
b727b2bf-fb9b-4238-9e45-f929d7c40f1d,conjunct.plus,available,4.98,72.98,high,low,8,namecheap,,,12/08/2026 20:08
79991178-0d73-4d07-85e9-a905c282362f,backblast.plus,available,15.99,53.99,medium,low,9,namesilo,,,21/09/2026 14:26
e3dfee00-1180-44db-8fdc-136485d56914,sympathetic.plus,available,21.99,,high,low,11,name.com,,,
d70d2c38-a073-4fb8-86a5-2a19ab5b0924,adjustor.plus,available,4.98,72.98,medium,low,8,namecheap,,,17/09/2026 08:34
ae89338c-b63e-42b8-95b5-0e1faa6859fa,believes.plus,available,4.98,72.98,medium,low,8,namecheap,,,19/09/2026 19:41
6edf3b88-cb06-4b99-8bb0-c5b505b44911,dazzlingly.plus,available,4.98,72.98,medium,low,10,namecheap,,,14/09/2026 10:58
9e51933b-cbf3-4272-9546-0fcaa6c0d9bc,abaft.plus,available,4.98,72.98,low,low,5,namecheap,,,
aa72aeca-b8cc-4301-a9a2-722323cc4b9e,cosmogenic.plus,available,4.98,72.98,medium,low,10,namecheap,,,13/08/2026 03:00
05064f8e-2cac-4e74-bbfb-2f48c5a6ac78,distrust.plus,available,15.99,53.99,high,low,8,namesilo,,,24/09/2026 23:13
e7932d6f-b239-4766-9c4e-9a2f5a08a2a9,appeared.plus,available,15.99,53.99,medium,low,8,namesilo,,,27/09/2026 10:53
dca43094-e242-44ee-ac95-da6fc1a27b66,testate.plus,available,4.98,72.98,medium,low,7,namecheap,,,11/09/2026 12:00
5bed596c-f318-43dc-b1ec-1611c735bd6f,elephants.plus,available,15.99,53.99,high,low,9,namesilo,,,18/09/2026 04:24
0f363157-232c-474e-a583-8e73fcba2a6e,legerity.plus,available,4.98,72.98,medium,low,8,namecheap,,,17/09/2026 17:50
6b0539b7-2e01-4226-b58a-78601a953684,buxom.plus,available,4.98,72.98,medium,low,5,namecheap,,,10/08/2026 20:28
428d888a-9ba5-42e1-b471-1c63a47ea390,simmons.plus,available,4.34,43.67,medium,low,7,spaceship,,,28/09/2026 07:47
5e798ddd-ef0c-405f-93b7-29e45ef6e8a1,salient.plus,available,4.98,72.98,high,low,7,namecheap,,,09/09/2026 03:09
8c0b022b-168f-4e60-b91a-f04716935614,unhinged.plus,available,4.98,72.98,medium,low,8,namecheap,,,11/08/2026 01:52
9b424fb1-06ea-4fc3-876a-1c7528183f56,crudely.plus,available,4.98,72.98,medium,low,7,namecheap,,,13/09/2026 20:58
71ebf196-4b33-4d74-a34e-54f85eda63e6,amongst.plus,available,21.99,,medium,low,7,name.com,,,
384a97ac-57f4-4f31-ba44-5c7ae0381344,nullity.plus,available,4.98,72.98,medium,low,7,namecheap,,,13/09/2026 06:33
74aacb44-ef4b-4ee0-b99a-99d25ef3b1c5,without.plus,available,21.99,,high,low,7,name.com,,,
dae2f89a-8410-41d2-bed9-56e4f2b9479b,somehow.plus,available,21.99,,high,low,7,name.com,,,
4232ab98-dd77-4e6c-aa93-17f82501d69e,judicial.plus,available,4.98,72.98,high,low,8,namecheap,,,22/08/2026 14:14
b08cbb07-71ff-4d9d-93fc-e4f2f25b1b54,times.plus,resell,,,high,low,5,"Xiamen ChinaSource Internet Service Co., Ltd",05/10/2018 08:14,05/10/2027 08:14,26/09/2026 09:38
ac47f8c3-dbd2-4dc2-be1a-4a4cacca649f,skype.plus,available,,,high,medium,5,,,,
da8cebb6-231b-4b02-a686-b21b3ec9f0af,aqueduct.plus,available,15.99,53.99,high,low,8,namesilo,,,19/09/2026 23:10
ef1f45b8-041e-400b-9443-5898930b6a71,anson.plus,available,4.98,72.98,medium,low,5,namecheap,,,28/09/2026 07:57
20384597-4504-4faa-a8d8-7bc7257b9f98,acerose.plus,available,4.98,72.98,medium,low,7,namecheap,,,
523be934-04cd-4339-b639-7a3e47557d0c,justification.plus,available,21.99,,medium,low,13,name.com,,,
27b8cfba-eae3-478c-811f-b3f7b2547223,juxtaposed.plus,available,4.98,72.98,medium,low,10,namecheap,,,22/08/2026 15:00
d30ee0b5-4704-41aa-8feb-d10b78172843,diamantine.plus,available,4.98,72.98,medium,low,10,namecheap,,,14/08/2026 05:52
cb866891-285b-4b1d-8523-f763cf713ab9,projection.plus,available,4.98,72.98,high,low,10,namecheap,,,22/08/2026 14:54
252c73cf-d559-43c8-8bd9-a9bfcff524b7,curb.plus,available,15.99,53.99,high,low,4,namesilo,,,18/09/2026 20:45
ecc8abc4-6e13-44f0-ba9f-df44b299dbc4,majuscule.plus,available,4.98,72.98,medium,low,9,namecheap,,,24/08/2026 13:26
536c7f5a-4b03-4aa9-a4c9-50272602ba59,inst.plus,available,4.98,72.98,high,low,4,namecheap,,,22/08/2026 07:26